timestamp_utc,glucose_mmol_l,glucose_neural,heart_rate_bpm,hrv_rmssd,is_outdoor,event_type,sensitivity_mult,meal_carbs,insulin_units
2026-04-24T04:00:00+00:00,6.488,6.488,65,50.0,0,ROUTINE,1.028,0,0
2026-04-24T04:05:00+00:00,6.493,6.493,65,50.0,0,ROUTINE,1.028,0,0
2026-04-24T04:10:00+00:00,6.505,6.505,65,50.0,0,ROUTINE,1.028,0,0
2026-04-24T04:15:00+00:00,6.505,6.505,65,50.0,0,ROUTINE,1.028,0,0
2026-04-24T04:20:00+00:00,6.496,6.496,65,50.0,0,ROUTINE,1.029,0,0
2026-04-24T04:25:00+00:00,6.515,6.515,65,50.0,0,ROUTINE,1.029,0,0
2026-04-24T04:30:00+00:00,6.514,6.514,65,50.0,0,ROUTINE,1.029,0,0
2026-04-24T04:35:00+00:00,6.528,6.528,65,50.0,0,ROUTINE,1.03,0,0
2026-04-24T04:40:00+00:00,6.54,6.54,65,50.0,0,ROUTINE,1.03,0,0
2026-04-24T04:45:00+00:00,6.55,6.55,65,50.0,0,ROUTINE,1.031,0,0
2026-04-24T04:50:00+00:00,6.536,6.536,65,50.0,0,ROUTINE,1.031,0,0
2026-04-24T04:55:00+00:00,6.526,6.526,65,50.0,0,ROUTINE,1.031,0,0
2026-04-24T05:00:00+00:00,6.532,6.532,65,50.0,0,ROUTINE,1.032,0,0
2026-04-24T05:05:00+00:00,6.536,6.536,65,50.0,0,ROUTINE,1.032,0,0
2026-04-24T05:10:00+00:00,6.558,6.558,65,50.0,0,ROUTINE,1.033,0,0
2026-04-24T05:15:00+00:00,6.571,6.571,65,50.0,0,ROUTINE,1.034,0,0
2026-04-24T05:20:00+00:00,6.566,6.566,65,50.0,0,ROUTINE,1.034,0,0
2026-04-24T05:25:00+00:00,6.569,6.569,65,50.0,0,ROUTINE,1.035,0,0
2026-04-24T05:30:00+00:00,6.569,6.569,66,50.0,0,ROUTINE,1.035,0,0
2026-04-24T05:35:00+00:00,6.571,6.571,66,50.0,0,ROUTINE,1.036,0,0
2026-04-24T05:40:00+00:00,6.569,6.569,66,50.0,0,ROUTINE,1.037,0,0
2026-04-24T05:45:00+00:00,6.569,6.569,66,50.0,0,ROUTINE,1.037,0,0
2026-04-24T05:50:00+00:00,6.554,6.554,66,50.0,0,ROUTINE,1.038,0,0
2026-04-24T05:55:00+00:00,6.558,6.558,66,50.0,0,ROUTINE,1.039,0,0
2026-04-24T06:00:00+00:00,6.565,6.565,66,50.0,0,ROUTINE,1.039,0,0
2026-04-24T06:05:00+00:00,6.562,6.562,66,50.0,0,ROUTINE,1.04,0,0
2026-04-24T06:10:00+00:00,6.541,6.541,66,50.0,0,ROUTINE,1.041,0,0
2026-04-24T06:15:00+00:00,6.54,6.54,66,50.0,0,ROUTINE,1.042,0,0
2026-04-24T06:20:00+00:00,6.541,6.541,66,50.0,0,ROUTINE,1.042,0,0
2026-04-24T06:25:00+00:00,6.531,6.531,66,50.0,0,ROUTINE,1.043,0,0
2026-04-24T06:30:00+00:00,6.542,6.612,66,50.0,0,ROUTINE,1.044,0,0
2026-04-24T06:35:00+00:00,6.536,6.708,67,50.0,0,ROUTINE,1.045,0,0
2026-04-24T06:40:00+00:00,6.547,6.617,67,50.0,0,ROUTINE,1.046,0,0
2026-04-24T06:45:00+00:00,6.542,6.654,67,50.0,0,ROUTINE,1.047,0,0
2026-04-24T06:50:00+00:00,6.548,6.657,67,50.0,0,ROUTINE,1.048,0,0
2026-04-24T06:55:00+00:00,6.565,6.677,67,50.0,0,ROUTINE,1.048,0,0
2026-04-24T07:00:00+00:00,6.568,6.72,67,50.0,0,ROUTINE,1.049,0,0
2026-04-24T07:05:00+00:00,6.575,6.742,67,50.0,0,ROUTINE,1.05,0,0
2026-04-24T07:10:00+00:00,6.575,6.781,67,50.0,0,ROUTINE,1.051,0,0
2026-04-24T07:15:00+00:00,6.572,6.78,67,50.0,0,ROUTINE,1.052,0,0
2026-04-24T07:20:00+00:00,6.563,6.779,67,50.0,0,ROUTINE,1.053,0,0
2026-04-24T07:25:00+00:00,6.572,6.666,67,50.0,0,ROUTINE,1.054,0,0
2026-04-24T07:30:00+00:00,6.581,6.767,68,50.0,0,ROUTINE,1.055,0,0
2026-04-24T07:35:00+00:00,6.583,6.673,68,50.0,0,ROUTINE,1.056,0,0
2026-04-24T07:40:00+00:00,6.583,6.706,68,50.0,0,ROUTINE,1.057,0,0
2026-04-24T07:45:00+00:00,6.568,6.709,68,50.0,0,ROUTINE,1.058,0,0
2026-04-24T07:50:00+00:00,6.569,6.702,68,50.0,0,ROUTINE,1.059,0,0
2026-04-24T07:55:00+00:00,6.566,6.71,68,50.0,0,ROUTINE,1.06,0,0
2026-04-24T08:00:00+00:00,6.584,6.608,68,50.0,0,ROUTINE,1.061,0,0
2026-04-24T08:05:00+00:00,6.577,6.654,68,50.0,0,ROUTINE,1.062,0,0
2026-04-24T08:10:00+00:00,6.574,6.572,68,50.0,0,ROUTINE,1.063,0,0
2026-04-24T08:15:00+00:00,6.558,6.593,69,50.0,0,ROUTINE,1.064,0,0
2026-04-24T08:20:00+00:00,6.567,6.576,69,50.0,0,ROUTINE,1.065,0,0
2026-04-24T08:25:00+00:00,6.573,6.579,69,50.0,0,ROUTINE,1.066,0,0
2026-04-24T08:30:00+00:00,6.567,6.604,69,50.0,0,ROUTINE,1.067,0,0
2026-04-24T08:35:00+00:00,6.58,6.617,69,50.0,0,ROUTINE,1.068,0,0
2026-04-24T08:40:00+00:00,6.577,6.659,69,50.0,0,ROUTINE,1.07,0,0
2026-04-24T08:45:00+00:00,6.579,6.67,69,50.0,0,ROUTINE,1.071,0,0
2026-04-24T08:50:00+00:00,6.589,6.684,69,50.0,0,ROUTINE,1.072,0,0
2026-04-24T08:55:00+00:00,6.605,6.693,69,50.0,0,ROUTINE,1.073,0,0
2026-04-24T09:00:00+00:00,6.602,6.816,70,50.0,0,ROUTINE,1.074,0,0
2026-04-24T09:05:00+00:00,6.6,6.73,70,50.0,0,ROUTINE,1.075,0,0
2026-04-24T09:10:00+00:00,6.602,6.737,70,50.0,0,ROUTINE,1.076,0,0
2026-04-24T09:15:00+00:00,6.61,6.731,70,50.0,0,ROUTINE,1.077,0,0
2026-04-24T09:20:00+00:00,6.614,6.741,70,50.0,0,ROUTINE,1.078,0,0
2026-04-24T09:25:00+00:00,6.607,6.762,70,50.0,0,ROUTINE,1.079,0,0
2026-04-24T09:30:00+00:00,6.603,6.769,70,50.0,0,ROUTINE,1.08,0,0
2026-04-24T09:35:00+00:00,6.6,6.785,70,50.0,0,ROUTINE,1.081,0,0
2026-04-24T09:40:00+00:00,6.59,6.779,70,50.0,0,ROUTINE,1.082,0,0
2026-04-24T09:45:00+00:00,6.582,6.679,70,50.0,0,ROUTINE,1.083,0,0
2026-04-24T09:50:00+00:00,6.576,6.675,71,50.0,0,ROUTINE,1.084,0,0
2026-04-24T09:55:00+00:00,6.57,6.663,71,50.0,0,ROUTINE,1.085,0,0
2026-04-24T10:00:00+00:00,6.571,6.662,71,50.0,0,ROUTINE,1.086,0,0
2026-04-24T10:05:00+00:00,6.559,6.678,71,50.0,0,ROUTINE,1.087,0,0
2026-04-24T10:10:00+00:00,6.533,6.684,71,50.0,0,ROUTINE,1.089,0,0
2026-04-24T10:15:00+00:00,6.541,6.588,71,50.0,0,ROUTINE,1.09,0,0
2026-04-24T10:20:00+00:00,6.521,6.694,71,50.0,0,ROUTINE,1.091,0,0
2026-04-24T10:25:00+00:00,6.534,6.577,71,50.0,0,ROUTINE,1.092,0,0
2026-04-24T10:30:00+00:00,6.523,6.706,71,50.0,0,ROUTINE,1.092,0,0
2026-04-24T10:35:00+00:00,6.551,6.593,72,50.0,0,ROUTINE,1.093,0,0
2026-04-24T10:40:00+00:00,6.549,6.656,72,50.0,0,ROUTINE,1.094,0,0
2026-04-24T10:45:00+00:00,6.555,6.682,72,50.0,0,ROUTINE,1.095,0,0
2026-04-24T10:50:00+00:00,6.554,6.699,72,50.0,0,ROUTINE,1.096,0,0
2026-04-24T10:55:00+00:00,6.566,6.725,72,50.0,0,ROUTINE,1.097,0,0
2026-04-24T11:00:00+00:00,6.568,6.738,72,50.0,0,ROUTINE,1.098,0,0
2026-04-24T11:05:00+00:00,6.558,6.768,72,50.0,0,ROUTINE,1.099,0,0
2026-04-24T11:10:00+00:00,6.552,6.758,72,50.0,0,ROUTINE,1.1,0,0
2026-04-24T11:15:00+00:00,6.573,6.744,72,50.0,0,ROUTINE,1.101,0,0
2026-04-24T11:20:00+00:00,6.574,6.758,72,50.0,0,ROUTINE,1.102,0,0
2026-04-24T11:25:00+00:00,6.572,6.767,72,50.0,0,ROUTINE,1.103,0,0
2026-04-24T11:30:00+00:00,6.575,6.679,73,50.0,0,ROUTINE,1.103,0,0
2026-04-24T11:35:00+00:00,6.568,6.689,73,50.0,0,ROUTINE,1.104,0,0
2026-04-24T11:40:00+00:00,6.594,6.681,73,50.0,0,ROUTINE,1.105,0,0
2026-04-24T11:45:00+00:00,6.609,6.71,73,50.0,0,ROUTINE,1.106,0,0
2026-04-24T11:50:00+00:00,6.609,6.754,73,50.0,0,ROUTINE,1.107,0,0
2026-04-24T11:55:00+00:00,6.592,6.788,73,50.0,0,ROUTINE,1.107,0,0
2026-04-24T12:00:00+00:00,6.589,6.597,73,50.0,0,ROUTINE,1.108,0,0
2026-04-24T12:05:00+00:00,6.598,6.685,73,50.0,0,ROUTINE,1.109,0,0
2026-04-24T12:10:00+00:00,6.596,6.67,73,50.0,0,ROUTINE,1.109,0,0
2026-04-24T12:15:00+00:00,6.597,6.684,73,50.0,0,ROUTINE,1.11,0,0
2026-04-24T12:20:00+00:00,6.586,6.666,73,50.0,0,ROUTINE,1.111,0,0
2026-04-24T12:25:00+00:00,6.596,6.575,73,50.0,0,ROUTINE,1.111,0,0
2026-04-24T12:30:00+00:00,6.581,6.674,73,50.0,0,ROUTINE,1.112,0,0
2026-04-24T12:35:00+00:00,6.564,6.559,74,50.0,0,ROUTINE,1.113,0,0
2026-04-24T12:40:00+00:00,6.539,6.552,74,50.0,0,ROUTINE,1.113,0,0
2026-04-24T12:45:00+00:00,6.541,6.408,74,50.0,0,ROUTINE,1.114,0,0
2026-04-24T12:50:00+00:00,6.532,6.506,74,50.0,0,ROUTINE,1.114,0,0
2026-04-24T12:55:00+00:00,6.534,6.507,74,50.0,0,ROUTINE,1.115,0,0
2026-04-24T13:00:00+00:00,6.543,6.628,74,50.0,0,ROUTINE,1.115,0,0
2026-04-24T13:05:00+00:00,6.546,6.674,74,50.0,0,ROUTINE,1.116,0,0
2026-04-24T13:10:00+00:00,6.523,6.709,74,50.0,0,ROUTINE,1.116,0,0
2026-04-24T13:15:00+00:00,6.533,6.608,74,50.0,0,ROUTINE,1.117,0,0
2026-04-24T13:20:00+00:00,6.537,6.719,74,50.0,0,ROUTINE,1.117,0,0
2026-04-24T13:25:00+00:00,6.53,6.707,74,50.0,0,ROUTINE,1.117,0,0
2026-04-24T13:30:00+00:00,6.518,6.717,74,50.0,0,ROUTINE,1.118,0,0
2026-04-24T13:35:00+00:00,6.515,6.586,74,50.0,0,ROUTINE,1.118,0,0
2026-04-24T13:40:00+00:00,6.494,6.693,74,50.0,0,ROUTINE,1.118,0,0
2026-04-24T13:45:00+00:00,6.494,6.54,74,50.0,0,ROUTINE,1.119,0,0
2026-04-24T13:50:00+00:00,6.49,6.653,74,50.0,0,ROUTINE,1.119,0,0
2026-04-24T13:55:00+00:00,6.482,6.626,74,50.0,0,ROUTINE,1.119,0,0
2026-04-24T14:00:00+00:00,6.471,6.542,74,50.0,0,ROUTINE,1.119,0,0
2026-04-24T14:05:00+00:00,6.482,6.54,74,50.0,0,ROUTINE,1.12,0,0
2026-04-24T14:10:00+00:00,6.464,6.648,74,50.0,0,ROUTINE,1.12,0,0
2026-04-24T14:15:00+00:00,6.453,6.54,74,50.0,0,ROUTINE,1.12,0,0
2026-04-24T14:20:00+00:00,6.464,6.539,74,50.0,0,ROUTINE,1.12,0,0
2026-04-24T14:25:00+00:00,6.46,6.651,74,50.0,0,ROUTINE,1.12,0,0
2026-04-24T14:30:00+00:00,6.472,6.548,74,50.0,0,ROUTINE,1.12,0,0
2026-04-24T14:35:00+00:00,6.486,6.692,74,50.0,0,ROUTINE,1.12,0,0
2026-04-24T14:40:00+00:00,6.485,6.695,74,50.0,0,ROUTINE,1.12,0,0
2026-04-24T14:45:00+00:00,6.503,6.634,74,50.0,0,ROUTINE,1.12,0,0
2026-04-24T14:50:00+00:00,6.486,6.733,74,50.0,0,ROUTINE,1.12,0,0
2026-04-24T14:55:00+00:00,6.505,6.62,74,50.0,0,ROUTINE,1.12,0,0
2026-04-24T15:00:00+00:00,6.503,6.728,75,50.0,0,ROUTINE,1.12,0,0
2026-04-24T15:05:00+00:00,6.51,6.606,74,50.0,0,ROUTINE,1.12,0,0
2026-04-24T15:10:00+00:00,6.51,6.732,74,50.0,0,ROUTINE,1.12,0,0
2026-04-24T15:15:00+00:00,6.522,6.706,74,50.0,0,ROUTINE,1.12,0,0
2026-04-24T15:20:00+00:00,6.515,6.734,74,50.0,0,ROUTINE,1.119,0,0
2026-04-24T15:25:00+00:00,6.506,6.618,74,50.0,0,ROUTINE,1.119,0,0
2026-04-24T15:30:00+00:00,6.514,6.621,74,50.0,0,ROUTINE,1.119,0,0
2026-04-24T15:35:00+00:00,6.511,6.7,74,50.0,0,ROUTINE,1.119,0,0
2026-04-24T15:40:00+00:00,6.518,6.596,74,50.0,0,ROUTINE,1.118,0,0
2026-04-24T15:45:00+00:00,6.535,6.715,74,50.0,0,ROUTINE,1.118,0,0
2026-04-24T15:50:00+00:00,6.555,6.73,74,50.0,0,ROUTINE,1.118,0,0
2026-04-24T15:55:00+00:00,6.575,6.785,74,50.0,0,ROUTINE,1.117,0,0
2026-04-24T16:00:00+00:00,6.572,6.806,74,50.0,0,ROUTINE,1.117,0,0
2026-04-24T16:05:00+00:00,6.575,6.827,74,50.0,0,ROUTINE,1.117,0,0
2026-04-24T16:10:00+00:00,6.564,6.801,74,50.0,0,ROUTINE,1.116,0,0
2026-04-24T16:15:00+00:00,6.576,6.681,74,50.0,0,ROUTINE,1.116,0,0
2026-04-24T16:20:00+00:00,6.587,6.772,74,50.0,0,ROUTINE,1.115,0,0
2026-04-24T16:25:00+00:00,6.579,6.762,74,50.0,0,ROUTINE,1.115,0,0
2026-04-24T16:30:00+00:00,6.576,6.773,74,50.0,0,ROUTINE,1.114,0,0
2026-04-24T16:35:00+00:00,6.582,6.743,74,50.0,0,ROUTINE,1.114,0,0
2026-04-24T16:40:00+00:00,6.579,6.763,74,50.0,0,ROUTINE,1.113,0,0
2026-04-24T16:45:00+00:00,6.581,6.745,74,50.0,0,ROUTINE,1.112,0,0
2026-04-24T16:50:00+00:00,6.593,6.758,74,50.0,0,ROUTINE,1.112,0,0
2026-04-24T16:55:00+00:00,6.581,6.769,74,50.0,0,ROUTINE,1.111,0,0
2026-04-24T17:00:00+00:00,6.585,6.666,74,50.0,0,ROUTINE,1.11,0,0
2026-04-24T17:05:00+00:00,6.594,6.665,74,50.0,0,ROUTINE,1.11,0,0
2026-04-24T17:10:00+00:00,6.572,6.671,74,50.0,0,ROUTINE,1.109,0,0
2026-04-24T17:15:00+00:00,6.562,6.556,74,50.0,0,ROUTINE,1.108,0,0
2026-04-24T17:20:00+00:00,6.57,6.634,74,50.0,0,ROUTINE,1.108,0,0
2026-04-24T17:25:00+00:00,6.567,6.613,74,50.0,0,ROUTINE,1.107,0,0
2026-04-24T17:30:00+00:00,6.575,6.626,73,50.0,0,ROUTINE,1.106,0,0
2026-04-24T17:35:00+00:00,6.583,6.721,73,50.0,0,ROUTINE,1.105,0,0
2026-04-24T17:40:00+00:00,6.594,6.737,73,50.0,0,ROUTINE,1.104,0,0
2026-04-24T17:45:00+00:00,6.591,6.752,73,50.0,0,ROUTINE,1.103,0,0
2026-04-24T17:50:00+00:00,6.604,6.739,73,50.0,0,ROUTINE,1.103,0,0
2026-04-24T17:55:00+00:00,6.609,6.735,73,50.0,0,ROUTINE,1.102,0,0
2026-04-24T18:00:00+00:00,6.626,6.718,73,50.0,0,ROUTINE,1.101,0,0
2026-04-24T18:05:00+00:00,6.642,6.736,73,50.0,0,ROUTINE,1.1,0,0
2026-04-24T18:10:00+00:00,6.653,6.75,73,50.0,0,ROUTINE,1.099,0,0
2026-04-24T18:15:00+00:00,6.645,6.773,73,50.0,0,ROUTINE,1.098,0,0
2026-04-24T18:20:00+00:00,6.642,6.761,73,50.0,0,ROUTINE,1.097,0,0
2026-04-24T18:25:00+00:00,6.655,6.742,73,50.0,0,ROUTINE,1.096,0,0
2026-04-24T18:30:00+00:00,6.65,6.738,73,50.0,0,ROUTINE,1.095,0,0
2026-04-24T18:35:00+00:00,6.666,6.731,72,50.0,0,ROUTINE,1.094,0,0
2026-04-24T18:40:00+00:00,6.667,6.84,72,50.0,0,ROUTINE,1.093,0,0
2026-04-24T18:45:00+00:00,6.681,6.831,72,50.0,0,ROUTINE,1.092,0,0
2026-04-24T18:50:00+00:00,6.67,6.847,72,50.0,0,ROUTINE,1.091,0,0
2026-04-24T18:55:00+00:00,6.665,6.717,72,50.0,0,ROUTINE,1.09,0,0
2026-04-24T19:00:00+00:00,6.681,6.892,72,50.0,0,ROUTINE,1.089,0,0
2026-04-24T19:05:00+00:00,6.667,6.856,72,50.0,0,ROUTINE,1.088,0,0
2026-04-24T19:10:00+00:00,6.672,6.855,72,50.0,0,ROUTINE,1.086,0,0
2026-04-24T19:15:00+00:00,6.675,6.827,72,50.0,0,ROUTINE,1.085,0,0
2026-04-24T19:20:00+00:00,6.679,6.845,72,50.0,0,ROUTINE,1.084,0,0
2026-04-24T19:25:00+00:00,6.681,6.844,72,50.0,0,ROUTINE,1.083,0,0
2026-04-24T19:30:00+00:00,6.69,6.859,71,50.0,0,ROUTINE,1.082,0,0
2026-04-24T19:35:00+00:00,6.68,6.967,71,50.0,0,ROUTINE,1.081,0,0
2026-04-24T19:40:00+00:00,6.667,6.85,71,50.0,0,ROUTINE,1.079,0,0
2026-04-24T19:45:00+00:00,6.667,6.833,71,50.0,0,ROUTINE,1.078,0,0
2026-04-24T19:50:00+00:00,6.648,6.896,71,50.0,0,ROUTINE,1.077,0,0
2026-04-24T19:55:00+00:00,6.639,6.74,71,50.0,0,ROUTINE,1.076,0,0
2026-04-24T20:00:00+00:00,6.655,6.827,71,50.0,0,ROUTINE,1.075,0,0
2026-04-24T20:05:00+00:00,6.664,6.806,71,50.0,0,ROUTINE,1.073,0,0
2026-04-24T20:10:00+00:00,6.661,6.846,71,50.0,0,ROUTINE,1.072,0,0
2026-04-24T20:15:00+00:00,6.678,6.844,70,50.0,0,ROUTINE,1.071,0,0
2026-04-24T20:20:00+00:00,6.674,6.966,70,50.0,0,ROUTINE,1.07,0,0
2026-04-24T20:25:00+00:00,6.695,6.854,70,50.0,0,ROUTINE,1.069,0,0
2026-04-24T20:30:00+00:00,6.693,6.977,70,50.0,0,ROUTINE,1.067,0,0
2026-04-24T20:35:00+00:00,6.696,6.947,70,50.0,0,ROUTINE,1.066,0,0
2026-04-24T20:40:00+00:00,6.691,6.94,70,50.0,0,ROUTINE,1.065,0,0
2026-04-24T20:45:00+00:00,6.693,6.89,70,50.0,0,ROUTINE,1.064,0,0
2026-04-24T20:50:00+00:00,6.699,6.887,70,50.0,0,ROUTINE,1.062,0,0
2026-04-24T20:55:00+00:00,6.709,6.868,70,50.0,0,ROUTINE,1.061,0,0
2026-04-24T21:00:00+00:00,6.705,6.89,70,50.0,0,ROUTINE,1.06,0,0
2026-04-24T21:05:00+00:00,6.697,6.891,69,50.0,0,ROUTINE,1.059,0,0
2026-04-24T21:10:00+00:00,6.69,6.882,69,50.0,0,ROUTINE,1.057,0,0
2026-04-24T21:15:00+00:00,6.7,6.866,69,50.0,0,ROUTINE,1.056,0,0
2026-04-24T21:20:00+00:00,6.7,6.958,69,50.0,0,ROUTINE,1.055,0,0
2026-04-24T21:25:00+00:00,6.689,6.946,69,50.0,0,ROUTINE,1.054,0,0
2026-04-24T21:30:00+00:00,6.699,6.928,69,50.0,0,ROUTINE,1.052,0,0
2026-04-24T21:35:00+00:00,6.694,6.906,69,50.0,0,ROUTINE,1.051,0,0
2026-04-24T21:40:00+00:00,6.695,6.89,69,50.0,0,ROUTINE,1.05,0,0
2026-04-24T21:45:00+00:00,6.701,6.872,69,50.0,0,ROUTINE,1.049,0,0
2026-04-24T21:50:00+00:00,6.691,6.878,68,50.0,0,ROUTINE,1.047,0,0
2026-04-24T21:55:00+00:00,6.695,6.867,68,50.0,0,ROUTINE,1.046,0,0
2026-04-24T22:00:00+00:00,6.7,6.96,68,50.0,0,ROUTINE,1.045,0,0
2026-04-24T22:05:00+00:00,6.708,6.948,68,50.0,0,ROUTINE,1.044,0,0
2026-04-24T22:10:00+00:00,6.711,6.954,68,50.0,0,ROUTINE,1.043,0,0
2026-04-24T22:15:00+00:00,6.719,6.936,68,50.0,0,ROUTINE,1.041,0,0
2026-04-24T22:20:00+00:00,6.713,6.934,68,50.0,0,ROUTINE,1.04,0,0
2026-04-24T22:25:00+00:00,6.7,6.909,68,50.0,0,ROUTINE,1.039,0,0
2026-04-24T22:30:00+00:00,6.694,6.886,68,50.0,0,ROUTINE,1.038,0,0
2026-04-24T22:35:00+00:00,6.689,6.858,67,50.0,0,ROUTINE,1.037,0,0
2026-04-24T22:40:00+00:00,6.681,6.842,67,50.0,0,ROUTINE,1.036,0,0
2026-04-24T22:45:00+00:00,6.693,6.83,67,50.0,0,ROUTINE,1.034,0,0
2026-04-24T22:50:00+00:00,6.692,6.933,67,50.0,0,ROUTINE,1.033,0,0
2026-04-24T22:55:00+00:00,6.704,6.927,67,50.0,0,ROUTINE,1.032,0,0
2026-04-24T23:00:00+00:00,6.687,6.943,67,50.0,0,ROUTINE,1.031,0,0
2026-04-24T23:05:00+00:00,6.711,6.817,67,50.0,0,ROUTINE,1.03,0,0
2026-04-24T23:10:00+00:00,6.709,6.927,67,50.0,0,ROUTINE,1.029,0,0
2026-04-24T23:15:00+00:00,6.714,6.9,67,50.0,0,ROUTINE,1.028,0,0
2026-04-24T23:20:00+00:00,6.692,6.92,67,50.0,0,ROUTINE,1.027,0,0
2026-04-24T23:25:00+00:00,6.687,6.774,67,50.0,0,ROUTINE,1.026,0,0
2026-04-24T23:30:00+00:00,6.675,6.872,66,50.0,0,ROUTINE,1.025,0,0
2026-04-24T23:35:00+00:00,6.68,6.817,66,50.0,0,ROUTINE,1.024,0,0
2026-04-24T23:40:00+00:00,6.671,6.925,66,50.0,0,ROUTINE,1.023,0,0
2026-04-24T23:45:00+00:00,6.674,6.79,66,50.0,0,ROUTINE,1.022,0,0
2026-04-24T23:50:00+00:00,6.682,6.902,66,50.0,0,ROUTINE,1.021,0,0
2026-04-24T23:55:00+00:00,6.696,6.883,66,50.0,0,ROUTINE,1.02,0,0
2026-04-25T00:00:00+00:00,6.705,6.898,66,50.0,0,ROUTINE,1.07,0,0
2026-04-25T00:05:00+00:00,6.706,6.897,66,50.0,0,ROUTINE,1.069,0,0
2026-04-25T00:10:00+00:00,6.702,6.907,66,50.0,0,ROUTINE,1.068,0,0
2026-04-25T00:15:00+00:00,6.693,6.888,66,50.0,0,ROUTINE,1.067,0,0
2026-04-25T00:20:00+00:00,6.673,6.87,66,50.0,0,ROUTINE,1.066,0,0
2026-04-25T00:25:00+00:00,6.671,6.83,66,50.0,0,ROUTINE,1.066,0,0
2026-04-25T00:30:00+00:00,6.685,6.807,66,50.0,0,ROUTINE,1.065,0,0
2026-04-25T00:35:00+00:00,6.68,6.818,65,50.0,0,ROUTINE,1.064,0,0
2026-04-25T00:40:00+00:00,6.67,6.826,65,50.0,0,ROUTINE,1.063,0,0
2026-04-25T00:45:00+00:00,6.67,6.826,65,50.0,0,ROUTINE,1.062,0,0
2026-04-25T00:50:00+00:00,6.668,6.914,65,50.0,0,ROUTINE,1.062,0,0
2026-04-25T00:55:00+00:00,6.692,6.893,65,50.0,0,ROUTINE,1.061,0,0
2026-04-25T01:00:00+00:00,6.689,6.911,65,50.0,0,ROUTINE,1.06,0,0
2026-04-25T01:05:00+00:00,6.695,6.898,65,50.0,0,ROUTINE,1.059,0,0
2026-04-25T01:10:00+00:00,6.71,6.896,65,50.0,0,ROUTINE,1.059,0,0
2026-04-25T01:15:00+00:00,6.717,6.894,65,50.0,0,ROUTINE,1.058,0,0
2026-04-25T01:20:00+00:00,6.717,6.908,65,50.0,0,ROUTINE,1.058,0,0
2026-04-25T01:25:00+00:00,6.731,6.906,65,50.0,0,ROUTINE,1.057,0,0
2026-04-25T01:30:00+00:00,6.727,6.917,65,50.0,0,ROUTINE,1.056,0,0
2026-04-25T01:35:00+00:00,6.713,6.915,65,50.0,0,ROUTINE,1.056,0,0
2026-04-25T01:40:00+00:00,6.709,6.892,65,50.0,0,ROUTINE,1.055,0,0
2026-04-25T01:45:00+00:00,6.729,6.868,65,50.0,0,ROUTINE,1.055,0,0
2026-04-25T01:50:00+00:00,6.74,6.879,65,50.0,0,ROUTINE,1.054,0,0
2026-04-25T01:55:00+00:00,6.739,6.904,65,50.0,0,ROUTINE,1.054,0,0
2026-04-25T02:00:00+00:00,6.729,6.92,65,50.0,0,ROUTINE,1.054,0,0
2026-04-25T02:05:00+00:00,6.737,6.91,65,50.0,0,ROUTINE,1.053,0,0
2026-04-25T02:10:00+00:00,6.726,6.909,65,50.0,0,ROUTINE,1.053,0,0
2026-04-25T02:15:00+00:00,6.719,6.893,65,50.0,0,ROUTINE,1.052,0,0
2026-04-25T02:20:00+00:00,6.729,6.878,65,50.0,0,ROUTINE,1.052,0,0
2026-04-25T02:25:00+00:00,6.716,6.878,65,50.0,0,ROUTINE,1.052,0,0
2026-04-25T02:30:00+00:00,6.723,6.871,65,50.0,0,ROUTINE,1.052,0,0
2026-04-25T02:35:00+00:00,6.724,6.876,65,50.0,0,ROUTINE,1.051,0,0
2026-04-25T02:40:00+00:00,6.728,6.881,65,50.0,0,ROUTINE,1.051,0,0
2026-04-25T02:45:00+00:00,6.74,6.893,65,50.0,0,ROUTINE,1.051,0,0
2026-04-25T02:50:00+00:00,6.735,6.912,65,50.0,0,ROUTINE,1.051,0,0
2026-04-25T02:55:00+00:00,6.722,6.918,65,50.0,0,ROUTINE,1.051,0,0
2026-04-25T03:00:00+00:00,6.73,6.901,65,50.0,0,ROUTINE,1.051,0,0
2026-04-25T03:05:00+00:00,6.717,6.894,65,50.0,0,ROUTINE,1.051,0,0
2026-04-25T03:10:00+00:00,6.705,6.877,65,50.0,0,ROUTINE,1.05,0,0
2026-04-25T03:15:00+00:00,6.721,6.855,65,50.0,0,ROUTINE,1.05,0,0
2026-04-25T03:20:00+00:00,6.711,6.861,65,50.0,0,ROUTINE,1.05,0,0
2026-04-25T03:25:00+00:00,6.707,6.862,65,50.0,0,ROUTINE,1.05,0,0
2026-04-25T03:30:00+00:00,6.704,6.862,65,50.0,0,ROUTINE,1.051,0,0
2026-04-25T03:35:00+00:00,6.712,6.856,65,50.0,0,ROUTINE,1.051,0,0
2026-04-25T03:40:00+00:00,6.734,6.867,65,50.0,0,ROUTINE,1.051,0,0
2026-04-25T03:45:00+00:00,6.739,6.9,65,50.0,0,ROUTINE,1.051,0,0
2026-04-25T03:50:00+00:00,6.746,6.926,65,50.0,0,ROUTINE,1.051,0,0
2026-04-25T03:55:00+00:00,6.733,6.945,65,50.0,0,ROUTINE,1.051,0,0
2026-04-25T04:00:00+00:00,6.728,6.929,65,50.0,0,ROUTINE,1.051,0,0
2026-04-25T04:05:00+00:00,6.756,6.907,65,50.0,0,ROUTINE,1.052,0,0
2026-04-25T04:10:00+00:00,6.738,6.921,65,50.0,0,ROUTINE,1.052,0,0
2026-04-25T04:15:00+00:00,6.749,6.914,65,50.0,0,ROUTINE,1.052,0,0
2026-04-25T04:20:00+00:00,6.771,6.92,65,50.0,0,ROUTINE,1.053,0,0
2026-04-25T04:25:00+00:00,6.752,6.943,65,50.0,0,ROUTINE,1.053,0,0
2026-04-25T04:30:00+00:00,6.754,6.85,65,50.0,0,ROUTINE,1.053,0,0
2026-04-25T04:35:00+00:00,6.758,6.949,65,50.0,0,ROUTINE,1.054,0,0
2026-04-25T04:40:00+00:00,6.757,6.927,65,50.0,0,ROUTINE,1.054,0,0
2026-04-25T04:45:00+00:00,6.77,6.938,65,50.0,0,ROUTINE,1.054,0,0
2026-04-25T04:50:00+00:00,6.757,6.929,65,50.0,0,ROUTINE,1.055,0,0
2026-04-25T04:55:00+00:00,6.748,6.844,65,50.0,0,ROUTINE,1.055,0,0
2026-04-25T05:00:00+00:00,6.754,6.926,65,50.0,0,ROUTINE,1.056,0,0
2026-04-25T05:05:00+00:00,6.752,6.909,65,50.0,0,ROUTINE,1.056,0,0
2026-04-25T05:10:00+00:00,6.737,6.92,65,50.0,0,ROUTINE,1.057,0,0
2026-04-25T05:15:00+00:00,6.748,6.793,65,50.0,0,ROUTINE,1.058,0,0
2026-04-25T05:20:00+00:00,6.748,6.918,65,50.0,0,ROUTINE,1.058,0,0
2026-04-25T05:25:00+00:00,6.735,6.897,65,50.0,0,ROUTINE,1.059,0,0
2026-04-25T05:30:00+00:00,6.731,6.819,66,50.0,0,ROUTINE,1.059,0,0
2026-04-25T05:35:00+00:00,6.735,6.802,66,50.0,0,ROUTINE,1.06,0,0
2026-04-25T05:40:00+00:00,6.719,6.82,66,50.0,0,ROUTINE,1.061,0,0
2026-04-25T05:45:00+00:00,6.721,6.81,66,50.0,0,ROUTINE,1.061,0,0
2026-04-25T05:50:00+00:00,6.72,6.826,66,50.0,0,ROUTINE,1.062,0,0
2026-04-25T05:55:00+00:00,6.718,6.841,66,50.0,0,ROUTINE,1.063,0,0
2026-04-25T06:00:00+00:00,6.708,6.866,66,50.0,0,ROUTINE,1.064,0,0
2026-04-25T06:05:00+00:00,6.697,6.866,66,50.0,0,ROUTINE,1.064,0,0
2026-04-25T06:10:00+00:00,6.714,6.855,66,50.0,0,ROUTINE,1.065,0,0
2026-04-25T06:15:00+00:00,6.712,6.87,66,50.0,0,ROUTINE,1.066,0,0
2026-04-25T06:20:00+00:00,6.709,6.878,66,50.0,0,ROUTINE,1.067,0,0
2026-04-25T06:25:00+00:00,6.715,6.883,66,50.0,0,ROUTINE,1.068,0,0
2026-04-25T06:30:00+00:00,6.717,6.887,66,50.0,0,ROUTINE,1.068,0,0
2026-04-25T06:35:00+00:00,6.721,6.895,67,50.0,0,ROUTINE,1.069,0,0
2026-04-25T06:40:00+00:00,6.732,6.811,67,50.0,0,ROUTINE,1.07,0,0
2026-04-25T06:45:00+00:00,6.742,6.841,67,50.0,0,ROUTINE,1.071,0,0
2026-04-25T06:50:00+00:00,6.741,6.865,67,50.0,0,ROUTINE,1.072,0,0
2026-04-25T06:55:00+00:00,6.738,6.88,67,50.0,0,ROUTINE,1.073,0,0
2026-04-25T07:00:00+00:00,6.744,6.888,67,50.0,0,ROUTINE,1.074,0,0
2026-04-25T07:05:00+00:00,6.734,6.902,67,50.0,0,ROUTINE,1.075,0,0
2026-04-25T07:10:00+00:00,6.733,6.909,67,50.0,0,ROUTINE,1.076,0,0
2026-04-25T07:15:00+00:00,6.728,6.904,67,50.0,0,ROUTINE,1.077,0,0
2026-04-25T07:20:00+00:00,6.717,6.9,67,50.0,0,ROUTINE,1.078,0,0
2026-04-25T07:25:00+00:00,6.733,6.792,67,50.0,0,ROUTINE,1.079,0,0
2026-04-25T07:30:00+00:00,6.739,6.908,68,50.0,0,ROUTINE,1.08,0,0
2026-04-25T07:35:00+00:00,6.745,6.821,68,50.0,0,ROUTINE,1.081,0,0
2026-04-25T07:40:00+00:00,6.751,6.866,68,50.0,0,ROUTINE,1.082,0,0
2026-04-25T07:45:00+00:00,6.758,6.877,68,50.0,0,ROUTINE,1.083,0,0
2026-04-25T07:50:00+00:00,6.75,6.903,68,50.0,0,ROUTINE,1.084,0,0
2026-04-25T07:55:00+00:00,6.76,6.915,68,50.0,0,ROUTINE,1.085,0,0
2026-04-25T08:00:00+00:00,6.769,6.831,68,50.0,0,ROUTINE,1.086,0,0
2026-04-25T08:05:00+00:00,6.766,6.866,68,50.0,0,ROUTINE,1.087,0,0
2026-04-25T08:10:00+00:00,6.761,6.868,68,50.0,0,ROUTINE,1.088,0,0
2026-04-25T08:15:00+00:00,6.768,6.774,69,50.0,0,ROUTINE,1.089,0,0
2026-04-25T08:20:00+00:00,6.777,6.787,69,50.0,0,ROUTINE,1.09,0,0
2026-04-25T08:25:00+00:00,6.785,6.799,69,50.0,0,ROUTINE,1.092,0,0
2026-04-25T08:30:00+00:00,6.786,6.825,69,50.0,0,ROUTINE,1.093,0,0
2026-04-25T08:35:00+00:00,6.78,6.845,69,50.0,0,ROUTINE,1.094,0,0
2026-04-25T08:40:00+00:00,6.777,6.853,69,50.0,0,ROUTINE,1.095,0,0
2026-04-25T08:45:00+00:00,6.781,6.864,69,50.0,0,ROUTINE,1.096,0,0
2026-04-25T08:50:00+00:00,6.792,6.865,69,50.0,0,ROUTINE,1.097,0,0
2026-04-25T08:55:00+00:00,6.777,6.885,69,50.0,0,ROUTINE,1.098,0,0
2026-04-25T09:00:00+00:00,6.781,6.876,70,50.0,0,ROUTINE,1.099,0,0
2026-04-25T09:05:00+00:00,6.778,6.886,70,50.0,0,ROUTINE,1.1,0,0
2026-04-25T09:10:00+00:00,6.764,6.883,70,50.0,0,ROUTINE,1.102,0,0
2026-04-25T09:15:00+00:00,6.745,6.87,70,50.0,0,ROUTINE,1.103,0,0
2026-04-25T09:20:00+00:00,6.749,6.762,70,50.0,0,ROUTINE,1.104,0,0
2026-04-25T09:25:00+00:00,6.762,6.868,70,50.0,0,ROUTINE,1.105,0,0
2026-04-25T09:30:00+00:00,6.778,6.898,70,50.0,0,ROUTINE,1.106,0,0
2026-04-25T09:35:00+00:00,6.769,6.954,70,50.0,0,ROUTINE,1.107,0,0
2026-04-25T09:40:00+00:00,6.76,6.864,70,50.0,0,ROUTINE,1.108,0,0
2026-04-25T09:45:00+00:00,6.749,6.884,70,50.0,0,ROUTINE,1.109,0,0
2026-04-25T09:50:00+00:00,6.733,6.849,71,50.0,0,ROUTINE,1.11,0,0
2026-04-25T09:55:00+00:00,6.731,6.829,71,50.0,0,ROUTINE,1.111,0,0
2026-04-25T10:00:00+00:00,6.738,6.823,71,50.0,0,ROUTINE,1.112,0,0
2026-04-25T10:05:00+00:00,6.736,6.84,71,50.0,0,ROUTINE,1.114,0,0
2026-04-25T10:10:00+00:00,6.746,6.879,71,50.0,0,ROUTINE,1.115,0,0
2026-04-25T10:15:00+00:00,6.737,6.906,71,50.0,0,ROUTINE,1.116,0,0
2026-04-25T10:20:00+00:00,6.73,6.921,71,50.0,0,ROUTINE,1.117,0,0
2026-04-25T10:25:00+00:00,6.728,6.914,71,50.0,0,ROUTINE,1.118,0,0
2026-04-25T10:30:00+00:00,6.722,6.901,71,50.0,0,ROUTINE,1.119,0,0
2026-04-25T10:35:00+00:00,6.723,6.796,72,50.0,0,ROUTINE,1.12,0,0
2026-04-25T10:40:00+00:00,6.739,6.804,72,50.0,0,ROUTINE,1.121,0,0
2026-04-25T10:45:00+00:00,6.724,6.824,72,50.0,0,ROUTINE,1.122,0,0
2026-04-25T10:50:00+00:00,6.731,6.83,72,50.0,0,ROUTINE,1.123,0,0
2026-04-25T10:55:00+00:00,6.742,6.85,72,50.0,0,ROUTINE,1.124,0,0
2026-04-25T11:00:00+00:00,6.749,6.88,72,50.0,0,ROUTINE,1.125,0,0
2026-04-25T11:05:00+00:00,6.738,6.924,72,50.0,0,ROUTINE,1.126,0,0
2026-04-25T11:10:00+00:00,6.732,6.831,72,50.0,0,ROUTINE,1.126,0,0
2026-04-25T11:15:00+00:00,6.717,6.929,72,50.0,0,ROUTINE,1.127,0,0
2026-04-25T11:20:00+00:00,6.745,6.788,72,50.0,0,ROUTINE,1.128,0,0
2026-04-25T11:25:00+00:00,6.744,6.92,72,50.0,0,ROUTINE,1.129,0,0
2026-04-25T11:30:00+00:00,6.759,6.913,73,50.0,0,ROUTINE,1.13,0,0
2026-04-25T11:35:00+00:00,6.77,6.86,73,50.0,0,ROUTINE,1.131,0,0
2026-04-25T11:40:00+00:00,6.768,6.886,73,50.0,0,ROUTINE,1.132,0,0
2026-04-25T11:45:00+00:00,6.769,6.903,73,50.0,0,ROUTINE,1.133,0,0
2026-04-25T11:50:00+00:00,6.762,6.899,73,50.0,0,ROUTINE,1.133,0,0
2026-04-25T11:55:00+00:00,6.769,6.892,73,50.0,0,ROUTINE,1.134,0,0
2026-04-25T12:00:00+00:00,6.783,6.814,73,50.0,0,ROUTINE,1.135,0,0
2026-04-25T12:05:00+00:00,6.777,6.848,73,50.0,0,ROUTINE,1.136,0,0
2026-04-25T12:10:00+00:00,6.787,6.86,73,50.0,0,ROUTINE,1.136,0,0
2026-04-25T12:15:00+00:00,6.777,6.877,73,50.0,0,ROUTINE,1.137,0,0
2026-04-25T12:20:00+00:00,6.765,6.774,73,50.0,0,ROUTINE,1.138,0,0
2026-04-25T12:25:00+00:00,6.768,6.762,73,50.0,0,ROUTINE,1.138,0,0
2026-04-25T12:30:00+00:00,6.761,6.842,73,50.0,0,ROUTINE,1.139,0,0
2026-04-25T12:35:00+00:00,6.766,6.725,74,50.0,0,ROUTINE,1.14,0,0
2026-04-25T12:40:00+00:00,6.772,6.749,74,50.0,0,ROUTINE,1.14,0,0
2026-04-25T12:45:00+00:00,6.794,6.768,74,50.0,0,ROUTINE,1.141,0,0
2026-04-25T12:50:00+00:00,6.804,6.81,74,50.0,0,ROUTINE,1.141,0,0
2026-04-25T12:55:00+00:00,6.812,6.863,74,50.0,0,ROUTINE,1.142,0,0
2026-04-25T13:00:00+00:00,6.804,6.979,74,50.0,0,ROUTINE,1.143,0,0
2026-04-25T13:05:00+00:00,6.798,6.997,74,50.0,0,ROUTINE,1.143,0,0
2026-04-25T13:10:00+00:00,6.79,6.975,74,50.0,0,ROUTINE,1.143,0,0
2026-04-25T13:15:00+00:00,6.779,6.952,74,50.0,0,ROUTINE,1.144,0,0
2026-04-25T13:20:00+00:00,6.772,6.923,74,50.0,0,ROUTINE,1.144,0,0
2026-04-25T13:25:00+00:00,6.776,6.9,74,50.0,0,ROUTINE,1.145,0,0
2026-04-25T13:30:00+00:00,6.784,6.898,74,50.0,0,ROUTINE,1.145,0,0
2026-04-25T13:35:00+00:00,6.786,6.915,74,50.0,0,ROUTINE,1.145,0,0
2026-04-25T13:40:00+00:00,6.789,6.935,74,50.0,0,ROUTINE,1.146,0,0
2026-04-25T13:45:00+00:00,6.786,6.95,74,50.0,0,ROUTINE,1.146,0,0
2026-04-25T13:50:00+00:00,6.785,6.953,74,50.0,0,ROUTINE,1.146,0,0
2026-04-25T13:55:00+00:00,6.775,6.949,74,50.0,0,ROUTINE,1.147,0,0
2026-04-25T14:00:00+00:00,6.785,6.838,74,50.0,0,ROUTINE,1.147,0,0
2026-04-25T14:05:00+00:00,6.783,6.945,74,50.0,0,ROUTINE,1.147,0,0
2026-04-25T14:10:00+00:00,6.78,6.929,74,50.0,0,ROUTINE,1.147,0,0
2026-04-25T14:15:00+00:00,6.789,6.845,74,50.0,0,ROUTINE,1.147,0,0
2026-04-25T14:20:00+00:00,6.781,6.941,74,50.0,0,ROUTINE,1.148,0,0
2026-04-25T14:25:00+00:00,6.77,6.843,74,50.0,0,ROUTINE,1.148,0,0
2026-04-25T14:30:00+00:00,6.761,6.843,74,50.0,0,ROUTINE,1.148,0,0
2026-04-25T14:35:00+00:00,6.769,6.818,74,50.0,0,ROUTINE,1.148,0,0
2026-04-25T14:40:00+00:00,6.766,6.925,74,50.0,0,ROUTINE,1.148,0,0
2026-04-25T14:45:00+00:00,6.765,6.838,74,50.0,0,ROUTINE,1.148,0,0
2026-04-25T14:50:00+00:00,6.776,6.852,74,50.0,0,ROUTINE,1.148,0,0
2026-04-25T14:55:00+00:00,6.782,6.985,74,50.0,0,ROUTINE,1.148,0,0
2026-04-25T15:00:00+00:00,6.794,6.97,75,50.0,0,ROUTINE,1.148,0,0
2026-04-25T15:05:00+00:00,6.797,6.913,74,50.0,0,ROUTINE,1.148,0,0
2026-04-25T15:10:00+00:00,6.794,7.007,74,50.0,0,ROUTINE,1.147,0,0
2026-04-25T15:15:00+00:00,6.806,6.895,74,50.0,0,ROUTINE,1.147,0,0
2026-04-25T15:20:00+00:00,6.797,7.005,74,50.0,0,ROUTINE,1.147,0,0
2026-04-25T15:25:00+00:00,6.797,6.868,74,50.0,0,ROUTINE,1.147,0,0
2026-04-25T15:30:00+00:00,6.809,6.982,74,50.0,0,ROUTINE,1.147,0,0
2026-04-25T15:35:00+00:00,6.815,6.962,74,50.0,0,ROUTINE,1.146,0,0
2026-04-25T15:40:00+00:00,6.831,6.991,74,50.0,0,ROUTINE,1.146,0,0
2026-04-25T15:45:00+00:00,6.812,7.003,74,50.0,0,ROUTINE,1.146,0,0
2026-04-25T15:50:00+00:00,6.826,6.902,74,50.0,0,ROUTINE,1.146,0,0
2026-04-25T15:55:00+00:00,6.819,7.001,74,50.0,0,ROUTINE,1.145,0,0
2026-04-25T16:00:00+00:00,6.815,6.881,74,50.0,0,ROUTINE,1.145,0,0
2026-04-25T16:05:00+00:00,6.923,6.984,74,50.0,0,ROUTINE,1.144,0,0
2026-04-25T16:10:00+00:00,7.173,7.082,74,50.0,0,ROUTINE,1.144,0,0
2026-04-25T16:15:00+00:00,7.463,7.477,74,50.0,0,ROUTINE,1.143,0,0
2026-04-25T16:20:00+00:00,7.743,8.026,74,50.0,0,ROUTINE,1.143,0,0
2026-04-25T16:25:00+00:00,8.013,8.613,74,50.0,0,ROUTINE,1.142,0,0
2026-04-25T16:30:00+00:00,8.236,9.081,74,50.0,0,ROUTINE,1.142,0,0
2026-04-25T16:35:00+00:00,8.433,9.396,74,50.0,0,ROUTINE,1.141,0,0
2026-04-25T16:40:00+00:00,8.611,9.548,74,50.0,0,ROUTINE,1.141,0,0
2026-04-25T16:45:00+00:00,8.74,9.611,74,50.0,0,ROUTINE,1.14,0,0
2026-04-25T16:50:00+00:00,8.842,9.599,74,50.0,0,ROUTINE,1.14,0,0
2026-04-25T16:55:00+00:00,8.928,9.546,74,50.0,0,ROUTINE,1.139,0,0
2026-04-25T17:00:00+00:00,9.009,9.4,74,50.0,0,ROUTINE,1.138,0,0
2026-04-25T17:05:00+00:00,9.056,9.374,74,50.0,0,ROUTINE,1.138,0,0
2026-04-25T17:10:00+00:00,9.099,9.345,74,50.0,0,ROUTINE,1.137,0,0
2026-04-25T17:15:00+00:00,9.117,9.323,74,50.0,0,ROUTINE,1.136,0,0
2026-04-25T17:20:00+00:00,9.136,9.281,74,50.0,0,ROUTINE,1.135,0,0
2026-04-25T17:25:00+00:00,9.155,9.244,74,50.0,0,ROUTINE,1.135,0,0
2026-04-25T17:30:00+00:00,9.175,9.219,73,50.0,0,ROUTINE,1.134,0,0
2026-04-25T17:35:00+00:00,9.189,9.313,73,50.0,0,ROUTINE,1.133,0,0
2026-04-25T17:40:00+00:00,9.217,9.292,73,50.0,0,ROUTINE,1.132,0,0
2026-04-25T17:45:00+00:00,9.221,9.306,73,50.0,0,ROUTINE,1.131,0,0
2026-04-25T17:50:00+00:00,9.239,9.287,73,50.0,0,ROUTINE,1.13,0,0
2026-04-25T17:55:00+00:00,9.259,9.288,73,50.0,0,ROUTINE,1.13,0,0
2026-04-25T18:00:00+00:00,9.263,9.285,73,50.0,0,ROUTINE,1.129,0,0
2026-04-25T18:05:00+00:00,9.263,9.293,73,50.0,0,ROUTINE,1.128,0,0
2026-04-25T18:10:00+00:00,9.258,9.278,73,50.0,0,ROUTINE,1.127,0,0
2026-04-25T18:15:00+00:00,9.245,9.259,73,50.0,0,ROUTINE,1.126,0,0
2026-04-25T18:20:00+00:00,9.269,9.228,73,50.0,0,ROUTINE,1.125,0,0
2026-04-25T18:25:00+00:00,9.268,9.239,73,50.0,0,ROUTINE,1.124,0,0
2026-04-25T18:30:00+00:00,9.271,9.252,73,50.0,0,ROUTINE,1.123,0,0
2026-04-25T18:35:00+00:00,9.275,9.265,72,50.0,0,ROUTINE,1.122,0,0
2026-04-25T18:40:00+00:00,9.288,9.366,72,50.0,0,ROUTINE,1.121,0,0
2026-04-25T18:45:00+00:00,9.296,9.362,72,50.0,0,ROUTINE,1.12,0,0
2026-04-25T18:50:00+00:00,9.284,9.364,72,50.0,0,ROUTINE,1.119,0,0
2026-04-25T18:55:00+00:00,9.284,9.233,72,50.0,0,ROUTINE,1.117,0,0
2026-04-25T19:00:00+00:00,9.286,9.409,72,50.0,0,ROUTINE,1.116,0,0
2026-04-25T19:05:00+00:00,9.288,9.363,72,50.0,0,ROUTINE,1.115,0,0
2026-04-25T19:10:00+00:00,9.291,9.38,72,50.0,0,ROUTINE,1.114,0,0
2026-04-25T19:15:00+00:00,9.282,9.36,72,50.0,0,ROUTINE,1.113,0,0
2026-04-25T19:20:00+00:00,9.281,9.372,72,50.0,0,ROUTINE,1.112,0,0
2026-04-25T19:25:00+00:00,9.279,9.36,72,50.0,0,ROUTINE,1.111,0,0
2026-04-25T19:30:00+00:00,9.248,9.362,71,50.0,0,ROUTINE,1.109,0,0
2026-04-25T19:35:00+00:00,9.26,9.231,71,50.0,0,ROUTINE,1.108,0,0
2026-04-25T19:40:00+00:00,9.268,9.428,71,50.0,0,ROUTINE,1.107,0,0
2026-04-25T19:45:00+00:00,9.262,9.401,71,50.0,0,ROUTINE,1.106,0,0
2026-04-25T19:50:00+00:00,9.272,9.414,71,50.0,0,ROUTINE,1.105,0,0
2026-04-25T19:55:00+00:00,9.286,9.378,71,50.0,0,ROUTINE,1.103,0,0
2026-04-25T20:00:00+00:00,9.29,9.414,71,50.0,0,ROUTINE,1.102,0,0
2026-04-25T20:05:00+00:00,9.285,9.404,71,50.0,0,ROUTINE,1.101,0,0
2026-04-25T20:10:00+00:00,9.295,9.411,71,50.0,0,ROUTINE,1.1,0,0
2026-04-25T20:15:00+00:00,9.279,9.414,70,50.0,0,ROUTINE,1.098,0,0
2026-04-25T20:20:00+00:00,9.269,9.392,70,50.0,0,ROUTINE,1.097,0,0
2026-04-25T20:25:00+00:00,9.256,9.37,70,50.0,0,ROUTINE,1.096,0,0
2026-04-25T20:30:00+00:00,9.244,9.336,70,50.0,0,ROUTINE,1.095,0,0
2026-04-25T20:35:00+00:00,9.22,9.311,70,50.0,0,ROUTINE,1.093,0,0
2026-04-25T20:40:00+00:00,9.212,9.276,70,50.0,0,ROUTINE,1.092,0,0
2026-04-25T20:45:00+00:00,9.223,9.35,70,50.0,0,ROUTINE,1.091,0,0
2026-04-25T20:50:00+00:00,9.224,9.343,70,50.0,0,ROUTINE,1.09,0,0
2026-04-25T20:55:00+00:00,9.228,9.356,70,50.0,0,ROUTINE,1.088,0,0
2026-04-25T21:00:00+00:00,9.241,9.356,70,50.0,0,ROUTINE,1.087,0,0
2026-04-25T21:05:00+00:00,9.244,9.375,69,50.0,0,ROUTINE,1.086,0,0
2026-04-25T21:10:00+00:00,9.243,9.473,69,50.0,0,ROUTINE,1.085,0,0
2026-04-25T21:15:00+00:00,9.252,9.452,69,50.0,0,ROUTINE,1.083,0,0
2026-04-25T21:20:00+00:00,9.239,9.44,69,50.0,0,ROUTINE,1.082,0,0
2026-04-25T21:25:00+00:00,9.239,9.304,69,50.0,0,ROUTINE,1.081,0,0
2026-04-25T21:30:00+00:00,9.224,9.388,69,50.0,0,ROUTINE,1.08,0,0
2026-04-25T21:35:00+00:00,9.233,9.327,69,50.0,0,ROUTINE,1.078,0,0
2026-04-25T21:40:00+00:00,9.23,9.341,69,50.0,0,ROUTINE,1.077,0,0
2026-04-25T21:45:00+00:00,9.208,9.32,69,50.0,0,ROUTINE,1.076,0,0
2026-04-25T21:50:00+00:00,9.222,9.316,68,50.0,0,ROUTINE,1.075,0,0
2026-04-25T21:55:00+00:00,9.22,9.412,68,50.0,0,ROUTINE,1.073,0,0
2026-04-25T22:00:00+00:00,9.214,9.398,68,50.0,0,ROUTINE,1.072,0,0
2026-04-25T22:05:00+00:00,9.201,9.391,68,50.0,0,ROUTINE,1.071,0,0
2026-04-25T22:10:00+00:00,9.213,9.25,68,50.0,0,ROUTINE,1.07,0,0
2026-04-25T22:15:00+00:00,9.211,9.359,68,50.0,0,ROUTINE,1.069,0,0
2026-04-25T22:20:00+00:00,9.223,9.326,68,50.0,0,ROUTINE,1.067,0,0
2026-04-25T22:25:00+00:00,9.229,9.365,68,50.0,0,ROUTINE,1.066,0,0
2026-04-25T22:30:00+00:00,9.247,9.356,68,50.0,0,ROUTINE,1.065,0,0
2026-04-25T22:35:00+00:00,9.252,9.408,67,50.0,0,ROUTINE,1.064,0,0
2026-04-25T22:40:00+00:00,9.252,9.509,67,50.0,0,ROUTINE,1.063,0,0
2026-04-25T22:45:00+00:00,9.232,9.492,67,50.0,0,ROUTINE,1.062,0,0
2026-04-25T22:50:00+00:00,9.238,9.351,67,50.0,0,ROUTINE,1.06,0,0
2026-04-25T22:55:00+00:00,9.227,9.422,67,50.0,0,ROUTINE,1.059,0,0
2026-04-25T23:00:00+00:00,9.226,9.268,67,50.0,0,ROUTINE,1.058,0,0
2026-04-25T23:05:00+00:00,9.226,9.372,67,50.0,0,ROUTINE,1.057,0,0
2026-04-25T23:10:00+00:00,9.217,9.34,67,50.0,0,ROUTINE,1.056,0,0
2026-04-25T23:15:00+00:00,9.214,9.348,67,50.0,0,ROUTINE,1.055,0,0
2026-04-25T23:20:00+00:00,9.213,9.332,67,50.0,0,ROUTINE,1.054,0,0
2026-04-25T23:25:00+00:00,9.218,9.339,67,50.0,0,ROUTINE,1.053,0,0
2026-04-25T23:30:00+00:00,9.222,9.347,66,50.0,0,ROUTINE,1.052,0,0
2026-04-25T23:35:00+00:00,9.209,9.462,66,50.0,0,ROUTINE,1.051,0,0
2026-04-25T23:40:00+00:00,9.223,9.331,66,50.0,0,ROUTINE,1.05,0,0
2026-04-25T23:45:00+00:00,9.215,9.448,66,50.0,0,ROUTINE,1.049,0,0
2026-04-25T23:50:00+00:00,9.228,9.308,66,50.0,0,ROUTINE,1.048,0,0
2026-04-25T23:55:00+00:00,9.213,9.425,66,50.0,0,ROUTINE,1.047,0,0
2026-04-26T00:00:00+00:00,9.216,9.275,66,50.0,0,ROUTINE,1.096,0,0
2026-04-26T00:05:00+00:00,9.219,9.389,66,50.0,0,ROUTINE,1.095,0,0
2026-04-26T00:10:00+00:00,9.214,9.36,66,50.0,0,ROUTINE,1.094,0,0
2026-04-26T00:15:00+00:00,9.206,9.369,66,50.0,0,ROUTINE,1.093,0,0
2026-04-26T00:20:00+00:00,9.22,9.344,66,50.0,0,ROUTINE,1.092,0,0
2026-04-26T00:25:00+00:00,9.217,9.361,66,50.0,0,ROUTINE,1.091,0,0
2026-04-26T00:30:00+00:00,9.217,9.364,66,50.0,0,ROUTINE,1.09,0,0
2026-04-26T00:35:00+00:00,9.194,9.374,65,50.0,0,ROUTINE,1.09,0,0
2026-04-26T00:40:00+00:00,9.195,9.347,65,50.0,0,ROUTINE,1.089,0,0
2026-04-26T00:45:00+00:00,9.199,9.427,65,50.0,0,ROUTINE,1.088,0,0
2026-04-26T00:50:00+00:00,9.187,9.397,65,50.0,0,ROUTINE,1.087,0,0
2026-04-26T00:55:00+00:00,9.184,9.284,65,50.0,0,ROUTINE,1.087,0,0
2026-04-26T01:00:00+00:00,9.182,9.371,65,50.0,0,ROUTINE,1.086,0,0
2026-04-26T01:05:00+00:00,9.181,9.327,65,50.0,0,ROUTINE,1.085,0,0
2026-04-26T01:10:00+00:00,9.195,9.337,65,50.0,0,ROUTINE,1.085,0,0
2026-04-26T01:15:00+00:00,9.187,9.33,65,50.0,0,ROUTINE,1.084,0,0
2026-04-26T01:20:00+00:00,9.199,9.351,65,50.0,0,ROUTINE,1.083,0,0
2026-04-26T01:25:00+00:00,9.195,9.361,65,50.0,0,ROUTINE,1.083,0,0
2026-04-26T01:30:00+00:00,9.189,9.37,65,50.0,0,ROUTINE,1.082,0,0
2026-04-26T01:35:00+00:00,9.215,9.365,65,50.0,0,ROUTINE,1.082,0,0
2026-04-26T01:40:00+00:00,9.219,9.384,65,50.0,0,ROUTINE,1.081,0,0
2026-04-26T01:45:00+00:00,9.209,9.406,65,50.0,0,ROUTINE,1.081,0,0
2026-04-26T01:50:00+00:00,9.201,9.402,65,50.0,0,ROUTINE,1.08,0,0
2026-04-26T01:55:00+00:00,9.202,9.378,65,50.0,0,ROUTINE,1.08,0,0
2026-04-26T02:00:00+00:00,9.204,9.366,65,50.0,0,ROUTINE,1.079,0,0
2026-04-26T02:05:00+00:00,9.203,9.36,65,50.0,0,ROUTINE,1.079,0,0
2026-04-26T02:10:00+00:00,9.209,9.363,65,50.0,0,ROUTINE,1.079,0,0
2026-04-26T02:15:00+00:00,9.227,9.373,65,50.0,0,ROUTINE,1.078,0,0
2026-04-26T02:20:00+00:00,9.236,9.403,65,50.0,0,ROUTINE,1.078,0,0
2026-04-26T02:25:00+00:00,9.238,9.431,65,50.0,0,ROUTINE,1.078,0,0
2026-04-26T02:30:00+00:00,9.252,9.442,65,50.0,0,ROUTINE,1.077,0,0
2026-04-26T02:35:00+00:00,9.256,9.454,65,50.0,0,ROUTINE,1.077,0,0
2026-04-26T02:40:00+00:00,9.243,9.459,65,50.0,0,ROUTINE,1.077,0,0
2026-04-26T02:45:00+00:00,9.235,9.439,65,50.0,0,ROUTINE,1.077,0,0
2026-04-26T02:50:00+00:00,9.241,9.409,65,50.0,0,ROUTINE,1.077,0,0
2026-04-26T02:55:00+00:00,9.218,9.399,65,50.0,0,ROUTINE,1.077,0,0
2026-04-26T03:00:00+00:00,9.221,9.37,65,50.0,0,ROUTINE,1.077,0,0
2026-04-26T03:05:00+00:00,9.237,9.361,65,50.0,0,ROUTINE,1.076,0,0
2026-04-26T03:10:00+00:00,9.23,9.38,65,50.0,0,ROUTINE,1.076,0,0
2026-04-26T03:15:00+00:00,9.233,9.393,65,50.0,0,ROUTINE,1.076,0,0
2026-04-26T03:20:00+00:00,9.235,9.404,65,50.0,0,ROUTINE,1.076,0,0
2026-04-26T03:25:00+00:00,9.228,9.408,65,50.0,0,ROUTINE,1.076,0,0
2026-04-26T03:30:00+00:00,9.218,9.404,65,50.0,0,ROUTINE,1.077,0,0
2026-04-26T03:35:00+00:00,9.21,9.385,65,50.0,0,ROUTINE,1.077,0,0
2026-04-26T03:40:00+00:00,9.233,9.365,65,50.0,0,ROUTINE,1.077,0,0
2026-04-26T03:45:00+00:00,9.241,9.383,65,50.0,0,ROUTINE,1.077,0,0
2026-04-26T03:50:00+00:00,9.246,9.41,65,50.0,0,ROUTINE,1.077,0,0
2026-04-26T03:55:00+00:00,9.237,9.434,65,50.0,0,ROUTINE,1.077,0,0
2026-04-26T04:00:00+00:00,9.238,9.428,65,50.0,0,ROUTINE,1.078,0,0
2026-04-26T04:05:00+00:00,9.233,9.421,65,50.0,0,ROUTINE,1.078,0,0
2026-04-26T04:10:00+00:00,9.226,9.404,65,50.0,0,ROUTINE,1.078,0,0
2026-04-26T04:15:00+00:00,9.229,9.389,65,50.0,0,ROUTINE,1.078,0,0
2026-04-26T04:20:00+00:00,9.236,9.385,65,50.0,0,ROUTINE,1.079,0,0
2026-04-26T04:25:00+00:00,9.231,9.394,65,50.0,0,ROUTINE,1.079,0,0
2026-04-26T04:30:00+00:00,9.233,9.4,65,50.0,0,ROUTINE,1.08,0,0
2026-04-26T04:35:00+00:00,9.228,9.403,65,50.0,0,ROUTINE,1.08,0,0
2026-04-26T04:40:00+00:00,9.217,9.4,65,50.0,0,ROUTINE,1.08,0,0
2026-04-26T04:45:00+00:00,9.222,9.383,65,50.0,0,ROUTINE,1.081,0,0
2026-04-26T04:50:00+00:00,9.236,9.379,65,50.0,0,ROUTINE,1.081,0,0
2026-04-26T04:55:00+00:00,9.233,9.397,65,50.0,0,ROUTINE,1.082,0,0
2026-04-26T05:00:00+00:00,9.255,9.408,65,50.0,0,ROUTINE,1.082,0,0
2026-04-26T05:05:00+00:00,9.258,9.437,65,50.0,0,ROUTINE,1.083,0,0
2026-04-26T05:10:00+00:00,9.276,9.455,65,50.0,0,ROUTINE,1.083,0,0
2026-04-26T05:15:00+00:00,9.262,9.481,65,50.0,0,ROUTINE,1.084,0,0
2026-04-26T05:20:00+00:00,9.262,9.372,65,50.0,0,ROUTINE,1.085,0,0
2026-04-26T05:25:00+00:00,9.265,9.474,65,50.0,0,ROUTINE,1.085,0,0
2026-04-26T05:30:00+00:00,9.258,9.432,66,50.0,0,ROUTINE,1.086,0,0
2026-04-26T05:35:00+00:00,9.274,9.34,66,50.0,0,ROUTINE,1.087,0,0
2026-04-26T05:40:00+00:00,9.263,9.352,66,50.0,0,ROUTINE,1.087,0,0
2026-04-26T05:45:00+00:00,9.273,9.359,66,50.0,0,ROUTINE,1.088,0,0
2026-04-26T05:50:00+00:00,9.272,9.378,66,50.0,0,ROUTINE,1.089,0,0
2026-04-26T05:55:00+00:00,9.275,9.399,66,50.0,0,ROUTINE,1.09,0,0
2026-04-26T06:00:00+00:00,9.262,9.421,66,50.0,0,ROUTINE,1.09,0,0
2026-04-26T06:05:00+00:00,9.254,9.425,66,50.0,0,ROUTINE,1.091,0,0
2026-04-26T06:10:00+00:00,9.262,9.41,66,50.0,0,ROUTINE,1.092,0,0
2026-04-26T06:15:00+00:00,9.267,9.412,66,50.0,0,ROUTINE,1.093,0,0
2026-04-26T06:20:00+00:00,9.266,9.421,66,50.0,0,ROUTINE,1.094,0,0
2026-04-26T06:25:00+00:00,9.271,9.43,66,50.0,0,ROUTINE,1.095,0,0
2026-04-26T06:30:00+00:00,9.268,9.438,66,50.0,0,ROUTINE,1.096,0,0
2026-04-26T06:35:00+00:00,9.263,9.343,67,50.0,0,ROUTINE,1.097,0,0
2026-04-26T06:40:00+00:00,9.258,9.354,67,50.0,0,ROUTINE,1.097,0,0
2026-04-26T06:45:00+00:00,9.268,9.342,67,50.0,0,ROUTINE,1.098,0,0
2026-04-26T06:50:00+00:00,9.266,9.356,67,50.0,0,ROUTINE,1.099,0,0
2026-04-26T06:55:00+00:00,9.263,9.378,67,50.0,0,ROUTINE,1.1,0,0
2026-04-26T07:00:00+00:00,9.275,9.39,67,50.0,0,ROUTINE,1.101,0,0
2026-04-26T07:05:00+00:00,9.275,9.426,67,50.0,0,ROUTINE,1.102,0,0
2026-04-26T07:10:00+00:00,9.287,9.438,67,50.0,0,ROUTINE,1.103,0,0
2026-04-26T07:15:00+00:00,9.284,9.46,67,50.0,0,ROUTINE,1.104,0,0
2026-04-26T07:20:00+00:00,9.28,9.46,67,50.0,0,ROUTINE,1.105,0,0
2026-04-26T07:25:00+00:00,9.256,9.358,67,50.0,0,ROUTINE,1.106,0,0
2026-04-26T07:30:00+00:00,9.235,9.333,68,50.0,0,ROUTINE,1.108,0,0
2026-04-26T07:35:00+00:00,9.214,9.288,68,50.0,0,ROUTINE,1.109,0,0
2026-04-26T07:40:00+00:00,9.217,9.157,68,50.0,0,ROUTINE,1.11,0,0
2026-04-26T07:45:00+00:00,9.225,9.273,68,50.0,0,ROUTINE,1.111,0,0
2026-04-26T07:50:00+00:00,9.214,9.287,68,50.0,0,ROUTINE,1.112,0,0
2026-04-26T07:55:00+00:00,9.196,9.336,68,50.0,0,ROUTINE,1.113,0,0
2026-04-26T08:00:00+00:00,9.196,9.129,68,50.0,0,ROUTINE,1.114,0,0
2026-04-26T08:05:00+00:00,9.196,9.254,68,50.0,0,ROUTINE,1.115,0,0
2026-04-26T08:10:00+00:00,9.197,9.227,68,50.0,0,ROUTINE,1.116,0,0
2026-04-26T08:15:00+00:00,9.182,9.253,69,50.0,0,ROUTINE,1.117,0,0
2026-04-26T08:20:00+00:00,9.176,9.125,69,50.0,0,ROUTINE,1.119,0,0
2026-04-26T08:25:00+00:00,9.161,9.143,69,50.0,0,ROUTINE,1.12,0,0
2026-04-26T08:30:00+00:00,9.166,9.119,69,50.0,0,ROUTINE,1.121,0,0
2026-04-26T08:35:00+00:00,9.171,9.132,69,50.0,0,ROUTINE,1.122,0,0
2026-04-26T08:40:00+00:00,9.18,9.167,69,50.0,0,ROUTINE,1.123,0,0
2026-04-26T08:45:00+00:00,9.179,9.202,69,50.0,0,ROUTINE,1.124,0,0
2026-04-26T08:50:00+00:00,9.181,9.244,69,50.0,0,ROUTINE,1.125,0,0
2026-04-26T08:55:00+00:00,9.192,9.252,69,50.0,0,ROUTINE,1.127,0,0
2026-04-26T09:00:00+00:00,9.193,9.355,70,50.0,0,ROUTINE,1.128,0,0
2026-04-26T09:05:00+00:00,9.19,9.266,70,50.0,0,ROUTINE,1.129,0,0
2026-04-26T09:10:00+00:00,9.196,9.275,70,50.0,0,ROUTINE,1.13,0,0
2026-04-26T09:15:00+00:00,9.207,9.278,70,50.0,0,ROUTINE,1.131,0,0
2026-04-26T09:20:00+00:00,9.2,9.297,70,50.0,0,ROUTINE,1.132,0,0
2026-04-26T09:25:00+00:00,9.198,9.312,70,50.0,0,ROUTINE,1.134,0,0
2026-04-26T09:30:00+00:00,9.177,9.316,70,50.0,0,ROUTINE,1.135,0,0
2026-04-26T09:35:00+00:00,9.183,9.213,70,50.0,0,ROUTINE,1.136,0,0
2026-04-26T09:40:00+00:00,9.19,9.314,70,50.0,0,ROUTINE,1.137,0,0
2026-04-26T09:45:00+00:00,9.186,9.306,70,50.0,0,ROUTINE,1.138,0,0
2026-04-26T09:50:00+00:00,9.182,9.23,71,50.0,0,ROUTINE,1.139,0,0
2026-04-26T09:55:00+00:00,9.202,9.223,71,50.0,0,ROUTINE,1.14,0,0
2026-04-26T10:00:00+00:00,9.209,9.263,71,50.0,0,ROUTINE,1.142,0,0
2026-04-26T10:05:00+00:00,9.211,9.29,71,50.0,0,ROUTINE,1.143,0,0
2026-04-26T10:10:00+00:00,9.218,9.322,71,50.0,0,ROUTINE,1.144,0,0
2026-04-26T10:15:00+00:00,9.204,9.343,71,50.0,0,ROUTINE,1.145,0,0
2026-04-26T10:20:00+00:00,9.213,9.253,71,50.0,0,ROUTINE,1.146,0,0
2026-04-26T10:25:00+00:00,9.218,9.359,71,50.0,0,ROUTINE,1.147,0,0
2026-04-26T10:30:00+00:00,9.214,9.345,71,50.0,0,ROUTINE,1.148,0,0
2026-04-26T10:35:00+00:00,9.21,9.26,72,50.0,0,ROUTINE,1.149,0,0
2026-04-26T10:40:00+00:00,9.213,9.243,72,50.0,0,ROUTINE,1.15,0,0
2026-04-26T10:45:00+00:00,9.214,9.258,72,50.0,0,ROUTINE,1.151,0,0
2026-04-26T10:50:00+00:00,9.229,9.262,72,50.0,0,ROUTINE,1.152,0,0
2026-04-26T10:55:00+00:00,9.22,9.303,72,50.0,0,ROUTINE,1.153,0,0
2026-04-26T11:00:00+00:00,9.223,9.317,72,50.0,0,ROUTINE,1.154,0,0
2026-04-26T11:05:00+00:00,9.216,9.341,72,50.0,0,ROUTINE,1.155,0,0
2026-04-26T11:10:00+00:00,9.209,9.331,72,50.0,0,ROUTINE,1.156,0,0
2026-04-26T11:15:00+00:00,9.207,9.318,72,50.0,0,ROUTINE,1.157,0,0
2026-04-26T11:20:00+00:00,9.21,9.304,72,50.0,0,ROUTINE,1.158,0,0
2026-04-26T11:25:00+00:00,9.2,9.302,72,50.0,0,ROUTINE,1.159,0,0
2026-04-26T11:30:00+00:00,9.197,9.2,73,50.0,0,ROUTINE,1.16,0,0
2026-04-26T11:35:00+00:00,9.193,9.207,73,50.0,0,ROUTINE,1.161,0,0
2026-04-26T11:40:00+00:00,9.196,9.205,73,50.0,0,ROUTINE,1.162,0,0
2026-04-26T11:45:00+00:00,9.177,9.217,73,50.0,0,ROUTINE,1.163,0,0
2026-04-26T11:50:00+00:00,9.181,9.122,73,50.0,0,ROUTINE,1.163,0,0
2026-04-26T11:55:00+00:00,9.195,9.24,73,50.0,0,ROUTINE,1.164,0,0
2026-04-26T12:00:00+00:00,9.207,9.181,73,50.0,0,ROUTINE,1.165,0,0
2026-04-26T12:05:00+00:00,9.198,9.227,73,50.0,0,ROUTINE,1.166,0,0
2026-04-26T12:10:00+00:00,9.197,9.215,73,50.0,0,ROUTINE,1.167,0,0
2026-04-26T12:15:00+00:00,9.182,9.224,73,50.0,0,ROUTINE,1.167,0,0
2026-04-26T12:20:00+00:00,9.197,9.09,73,50.0,0,ROUTINE,1.168,0,0
2026-04-26T12:25:00+00:00,9.189,9.207,73,50.0,0,ROUTINE,1.169,0,0
2026-04-26T12:30:00+00:00,9.18,9.086,73,50.0,0,ROUTINE,1.17,0,0
2026-04-26T12:35:00+00:00,9.189,9.099,74,50.0,0,ROUTINE,1.17,0,0
2026-04-26T12:40:00+00:00,9.184,9.103,74,50.0,0,ROUTINE,1.171,0,0
2026-04-26T12:45:00+00:00,9.174,9.109,74,50.0,0,ROUTINE,1.171,0,0
2026-04-26T12:50:00+00:00,9.177,9.13,74,50.0,0,ROUTINE,1.172,0,0
2026-04-26T12:55:00+00:00,9.186,9.125,74,50.0,0,ROUTINE,1.173,0,0
2026-04-26T13:00:00+00:00,9.2,9.252,74,50.0,0,ROUTINE,1.173,0,0
2026-04-26T13:05:00+00:00,9.186,9.279,74,50.0,0,ROUTINE,1.174,0,0
2026-04-26T13:10:00+00:00,9.187,9.28,74,50.0,0,ROUTINE,1.174,0,0
2026-04-26T13:15:00+00:00,9.184,9.273,74,50.0,0,ROUTINE,1.175,0,0
2026-04-26T13:20:00+00:00,9.18,9.256,74,50.0,0,ROUTINE,1.175,0,0
2026-04-26T13:25:00+00:00,9.177,9.245,74,50.0,0,ROUTINE,1.176,0,0
2026-04-26T13:30:00+00:00,9.183,9.235,74,50.0,0,ROUTINE,1.176,0,0
2026-04-26T13:35:00+00:00,9.197,9.24,74,50.0,0,ROUTINE,1.176,0,0
2026-04-26T13:40:00+00:00,9.189,9.266,74,50.0,0,ROUTINE,1.177,0,0
2026-04-26T13:45:00+00:00,9.176,9.174,74,50.0,0,ROUTINE,1.177,0,0
2026-04-26T13:50:00+00:00,9.168,9.171,74,50.0,0,ROUTINE,1.177,0,0
2026-04-26T13:55:00+00:00,9.176,9.147,74,50.0,0,ROUTINE,1.178,0,0
2026-04-26T14:00:00+00:00,9.185,9.246,74,50.0,0,ROUTINE,1.178,0,0
2026-04-26T14:05:00+00:00,9.194,9.258,74,50.0,0,ROUTINE,1.178,0,0
2026-04-26T14:10:00+00:00,9.192,9.282,74,50.0,0,ROUTINE,1.178,0,0
2026-04-26T14:15:00+00:00,9.186,9.293,74,50.0,0,ROUTINE,1.179,0,0
2026-04-26T14:20:00+00:00,9.182,9.181,74,50.0,0,ROUTINE,1.179,0,0
2026-04-26T14:25:00+00:00,9.188,9.169,74,50.0,0,ROUTINE,1.179,0,0
2026-04-26T14:30:00+00:00,9.178,9.264,74,50.0,0,ROUTINE,1.179,0,0
2026-04-26T14:35:00+00:00,9.173,9.14,74,50.0,0,ROUTINE,1.179,0,0
2026-04-26T14:40:00+00:00,9.18,9.148,74,50.0,0,ROUTINE,1.179,0,0
2026-04-26T14:45:00+00:00,9.186,9.26,74,50.0,0,ROUTINE,1.179,0,0
2026-04-26T14:50:00+00:00,9.189,9.253,74,50.0,0,ROUTINE,1.179,0,0
2026-04-26T14:55:00+00:00,9.182,9.28,74,50.0,0,ROUTINE,1.179,0,0
2026-04-26T15:00:00+00:00,9.179,9.157,75,50.0,0,ROUTINE,1.179,0,0
2026-04-26T15:05:00+00:00,9.205,9.172,74,50.0,0,ROUTINE,1.179,0,0
2026-04-26T15:10:00+00:00,9.208,9.278,74,50.0,0,ROUTINE,1.179,0,0
2026-04-26T15:15:00+00:00,9.2,9.29,74,50.0,0,ROUTINE,1.179,0,0
2026-04-26T15:20:00+00:00,9.191,9.195,74,50.0,0,ROUTINE,1.179,0,0
2026-04-26T15:25:00+00:00,9.189,9.18,74,50.0,0,ROUTINE,1.178,0,0
2026-04-26T15:30:00+00:00,9.191,9.173,74,50.0,0,ROUTINE,1.178,0,0
2026-04-26T15:35:00+00:00,9.182,9.26,74,50.0,0,ROUTINE,1.178,0,0
2026-04-26T15:40:00+00:00,9.175,9.152,74,50.0,0,ROUTINE,1.178,0,0
2026-04-26T15:45:00+00:00,9.173,9.154,74,50.0,0,ROUTINE,1.177,0,0
2026-04-26T15:50:00+00:00,9.16,9.264,74,50.0,0,ROUTINE,1.177,0,0
2026-04-26T15:55:00+00:00,9.162,9.116,74,50.0,0,ROUTINE,1.177,0,0
2026-04-26T16:00:00+00:00,9.154,9.238,74,50.0,0,ROUTINE,1.176,0,0
2026-04-26T16:05:00+00:00,9.147,9.102,74,50.0,0,ROUTINE,1.176,0,0
2026-04-26T16:10:00+00:00,9.147,9.115,74,50.0,0,ROUTINE,1.175,0,0
2026-04-26T16:15:00+00:00,9.148,9.213,74,50.0,0,ROUTINE,1.175,0,0
2026-04-26T16:20:00+00:00,9.163,9.19,74,50.0,0,ROUTINE,1.175,0,0
2026-04-26T16:25:00+00:00,9.157,9.237,74,50.0,0,ROUTINE,1.174,0,0
2026-04-26T16:30:00+00:00,9.146,9.221,74,50.0,0,ROUTINE,1.174,0,0
2026-04-26T16:35:00+00:00,9.142,9.125,74,50.0,0,ROUTINE,1.173,0,0
2026-04-26T16:40:00+00:00,9.13,9.206,74,50.0,0,ROUTINE,1.172,0,0
2026-04-26T16:45:00+00:00,9.137,9.068,74,50.0,0,ROUTINE,1.172,0,0
2026-04-26T16:50:00+00:00,9.118,9.189,74,50.0,0,ROUTINE,1.171,0,0
2026-04-26T16:55:00+00:00,9.125,9.048,74,50.0,0,ROUTINE,1.171,0,0
2026-04-26T17:00:00+00:00,9.11,9.091,74,50.0,0,ROUTINE,1.17,0,0
2026-04-26T17:05:00+00:00,9.091,9.064,74,50.0,0,ROUTINE,1.169,0,0
2026-04-26T17:10:00+00:00,9.093,8.946,74,50.0,0,ROUTINE,1.168,0,0
2026-04-26T17:15:00+00:00,9.092,9.043,74,50.0,0,ROUTINE,1.168,0,0
2026-04-26T17:20:00+00:00,9.085,9.025,74,50.0,0,ROUTINE,1.167,0,0
2026-04-26T17:25:00+00:00,9.095,9.043,74,50.0,0,ROUTINE,1.166,0,0
2026-04-26T17:30:00+00:00,9.098,9.037,73,50.0,0,ROUTINE,1.165,0,0
2026-04-26T17:35:00+00:00,9.1,9.169,73,50.0,0,ROUTINE,1.165,0,0
2026-04-26T17:40:00+00:00,9.098,9.15,73,50.0,0,ROUTINE,1.164,0,0
2026-04-26T17:45:00+00:00,9.098,9.146,73,50.0,0,ROUTINE,1.163,0,0
2026-04-26T17:50:00+00:00,9.099,9.119,73,50.0,0,ROUTINE,1.162,0,0
2026-04-26T17:55:00+00:00,9.098,9.101,73,50.0,0,ROUTINE,1.161,0,0
2026-04-26T18:00:00+00:00,9.105,9.084,73,50.0,0,ROUTINE,1.16,0,0
2026-04-26T18:05:00+00:00,9.116,9.093,73,50.0,0,ROUTINE,1.159,0,0
2026-04-26T18:10:00+00:00,9.126,9.111,73,50.0,0,ROUTINE,1.158,0,0
2026-04-26T18:15:00+00:00,9.128,9.135,73,50.0,0,ROUTINE,1.157,0,0
2026-04-26T18:20:00+00:00,9.112,9.147,73,50.0,0,ROUTINE,1.156,0,0
2026-04-26T18:25:00+00:00,9.103,9.125,73,50.0,0,ROUTINE,1.155,0,0
2026-04-26T18:30:00+00:00,9.114,9.095,73,50.0,0,ROUTINE,1.154,0,0
2026-04-26T18:35:00+00:00,9.119,9.09,72,50.0,0,ROUTINE,1.153,0,0
2026-04-26T18:40:00+00:00,9.12,9.196,72,50.0,0,ROUTINE,1.152,0,0
2026-04-26T18:45:00+00:00,9.123,9.186,72,50.0,0,ROUTINE,1.151,0,0
2026-04-26T18:50:00+00:00,9.125,9.182,72,50.0,0,ROUTINE,1.15,0,0
2026-04-26T18:55:00+00:00,9.108,9.164,72,50.0,0,ROUTINE,1.149,0,0
2026-04-26T19:00:00+00:00,9.094,9.12,72,50.0,0,ROUTINE,1.148,0,0
2026-04-26T19:05:00+00:00,9.073,9.087,72,50.0,0,ROUTINE,1.147,0,0
2026-04-26T19:10:00+00:00,9.076,9.05,72,50.0,0,ROUTINE,1.146,0,0
2026-04-26T19:15:00+00:00,9.103,9.138,72,50.0,0,ROUTINE,1.144,0,0
2026-04-26T19:20:00+00:00,9.107,9.176,72,50.0,0,ROUTINE,1.143,0,0
2026-04-26T19:25:00+00:00,9.112,9.218,72,50.0,0,ROUTINE,1.142,0,0
2026-04-26T19:30:00+00:00,9.11,9.246,71,50.0,0,ROUTINE,1.141,0,0
2026-04-26T19:35:00+00:00,9.081,9.338,71,50.0,0,ROUTINE,1.14,0,0
2026-04-26T19:40:00+00:00,9.077,9.165,71,50.0,0,ROUTINE,1.139,0,0
2026-04-26T19:45:00+00:00,9.077,9.227,71,50.0,0,ROUTINE,1.137,0,0
2026-04-26T19:50:00+00:00,9.088,9.176,71,50.0,0,ROUTINE,1.136,0,0
2026-04-26T19:55:00+00:00,9.094,9.177,71,50.0,0,ROUTINE,1.135,0,0
2026-04-26T20:00:00+00:00,9.087,9.185,71,50.0,0,ROUTINE,1.134,0,0
2026-04-26T20:05:00+00:00,9.096,9.19,71,50.0,0,ROUTINE,1.132,0,0
2026-04-26T20:10:00+00:00,9.11,9.201,71,50.0,0,ROUTINE,1.131,0,0
2026-04-26T20:15:00+00:00,9.101,9.227,70,50.0,0,ROUTINE,1.13,0,0
2026-04-26T20:20:00+00:00,9.122,9.228,70,50.0,0,ROUTINE,1.129,0,0
2026-04-26T20:25:00+00:00,9.113,9.341,70,50.0,0,ROUTINE,1.127,0,0
2026-04-26T20:30:00+00:00,9.123,9.218,70,50.0,0,ROUTINE,1.126,0,0
2026-04-26T20:35:00+00:00,9.114,9.322,70,50.0,0,ROUTINE,1.125,0,0
2026-04-26T20:40:00+00:00,9.098,9.271,70,50.0,0,ROUTINE,1.124,0,0
2026-04-26T20:45:00+00:00,9.092,9.141,70,50.0,0,ROUTINE,1.122,0,0
2026-04-26T20:50:00+00:00,9.085,9.197,70,50.0,0,ROUTINE,1.121,0,0
2026-04-26T20:55:00+00:00,9.099,9.162,70,50.0,0,ROUTINE,1.12,0,0
2026-04-26T21:00:00+00:00,9.094,9.188,70,50.0,0,ROUTINE,1.118,0,0
2026-04-26T21:05:00+00:00,9.098,9.179,69,50.0,0,ROUTINE,1.117,0,0
2026-04-26T21:10:00+00:00,9.095,9.305,69,50.0,0,ROUTINE,1.116,0,0
2026-04-26T21:15:00+00:00,9.094,9.276,69,50.0,0,ROUTINE,1.115,0,0
2026-04-26T21:20:00+00:00,9.097,9.27,69,50.0,0,ROUTINE,1.113,0,0
2026-04-26T21:25:00+00:00,9.1,9.243,69,50.0,0,ROUTINE,1.112,0,0
2026-04-26T21:30:00+00:00,9.097,9.235,69,50.0,0,ROUTINE,1.111,0,0
2026-04-26T21:35:00+00:00,9.101,9.221,69,50.0,0,ROUTINE,1.109,0,0
2026-04-26T21:40:00+00:00,9.081,9.225,69,50.0,0,ROUTINE,1.108,0,0
2026-04-26T21:45:00+00:00,9.081,9.203,69,50.0,0,ROUTINE,1.107,0,0
2026-04-26T21:50:00+00:00,9.082,9.191,68,50.0,0,ROUTINE,1.106,0,0
2026-04-26T21:55:00+00:00,9.074,9.283,68,50.0,0,ROUTINE,1.104,0,0
2026-04-26T22:00:00+00:00,9.081,9.159,68,50.0,0,ROUTINE,1.103,0,0
2026-04-26T22:05:00+00:00,9.076,9.266,68,50.0,0,ROUTINE,1.102,0,0
2026-04-26T22:10:00+00:00,9.078,9.233,68,50.0,0,ROUTINE,1.101,0,0
2026-04-26T22:15:00+00:00,9.084,9.228,68,50.0,0,ROUTINE,1.1,0,0
2026-04-26T22:20:00+00:00,9.084,9.211,68,50.0,0,ROUTINE,1.098,0,0
2026-04-26T22:25:00+00:00,9.09,9.223,68,50.0,0,ROUTINE,1.097,0,0
2026-04-26T22:30:00+00:00,9.093,9.224,68,50.0,0,ROUTINE,1.096,0,0
2026-04-26T22:35:00+00:00,9.068,9.239,67,50.0,0,ROUTINE,1.095,0,0
2026-04-26T22:40:00+00:00,9.056,9.213,67,50.0,0,ROUTINE,1.094,0,0
2026-04-26T22:45:00+00:00,9.062,9.177,67,50.0,0,ROUTINE,1.092,0,0
2026-04-26T22:50:00+00:00,9.057,9.261,67,50.0,0,ROUTINE,1.091,0,0
2026-04-26T22:55:00+00:00,9.041,9.231,67,50.0,0,ROUTINE,1.09,0,0
2026-04-26T23:00:00+00:00,9.039,9.114,67,50.0,0,ROUTINE,1.089,0,0
2026-04-26T23:05:00+00:00,9.036,9.195,67,50.0,0,ROUTINE,1.088,0,0
2026-04-26T23:10:00+00:00,9.04,9.156,67,50.0,0,ROUTINE,1.087,0,0
2026-04-26T23:15:00+00:00,9.034,9.17,67,50.0,0,ROUTINE,1.086,0,0
2026-04-26T23:20:00+00:00,9.035,9.147,67,50.0,0,ROUTINE,1.085,0,0
2026-04-26T23:25:00+00:00,9.046,9.167,67,50.0,0,ROUTINE,1.084,0,0
2026-04-26T23:30:00+00:00,9.057,9.179,66,50.0,0,ROUTINE,1.083,0,0
2026-04-26T23:35:00+00:00,9.047,9.307,66,50.0,0,ROUTINE,1.082,0,0
2026-04-26T23:40:00+00:00,9.022,9.188,66,50.0,0,ROUTINE,1.081,0,0
2026-04-26T23:45:00+00:00,9.014,9.159,66,50.0,0,ROUTINE,1.08,0,0
2026-04-26T23:50:00+00:00,9.022,9.114,66,50.0,0,ROUTINE,1.079,0,0
2026-04-26T23:55:00+00:00,9.03,9.182,66,50.0,0,ROUTINE,1.078,0,0
2026-04-27T00:00:00+00:00,9.024,9.195,66,50.0,0,ROUTINE,1.077,0,0
2026-04-27T00:05:00+00:00,9.011,9.188,66,50.0,0,ROUTINE,1.076,0,0
2026-04-27T00:10:00+00:00,9.01,9.179,66,50.0,0,ROUTINE,1.075,0,0
2026-04-27T00:15:00+00:00,9.03,9.16,66,50.0,0,ROUTINE,1.074,0,0
2026-04-27T00:20:00+00:00,9.016,9.17,66,50.0,0,ROUTINE,1.073,0,0
2026-04-27T00:25:00+00:00,9.018,9.177,66,50.0,0,ROUTINE,1.073,0,0
2026-04-27T00:30:00+00:00,9.025,9.173,66,50.0,0,ROUTINE,1.072,0,0
2026-04-27T00:35:00+00:00,9.035,9.182,65,50.0,0,ROUTINE,1.071,0,0
2026-04-27T00:40:00+00:00,9.034,9.296,65,50.0,0,ROUTINE,1.07,0,0
2026-04-27T00:45:00+00:00,9.024,9.275,65,50.0,0,ROUTINE,1.069,0,0
2026-04-27T00:50:00+00:00,9.014,9.157,65,50.0,0,ROUTINE,1.069,0,0
2026-04-27T00:55:00+00:00,9.019,9.129,65,50.0,0,ROUTINE,1.068,0,0
2026-04-27T01:00:00+00:00,9.027,9.2,65,50.0,0,ROUTINE,1.067,0,0
2026-04-27T01:05:00+00:00,9.013,9.185,65,50.0,0,ROUTINE,1.067,0,0
2026-04-27T01:10:00+00:00,9.011,9.087,65,50.0,0,ROUTINE,1.066,0,0
2026-04-27T01:15:00+00:00,9.004,9.187,65,50.0,0,ROUTINE,1.065,0,0
2026-04-27T01:20:00+00:00,9.002,9.156,65,50.0,0,ROUTINE,1.065,0,0
2026-04-27T01:25:00+00:00,8.99,9.16,65,50.0,0,ROUTINE,1.064,0,0
2026-04-27T01:30:00+00:00,8.984,9.126,65,50.0,0,ROUTINE,1.064,0,0
2026-04-27T01:35:00+00:00,8.982,9.126,65,50.0,0,ROUTINE,1.063,0,0
2026-04-27T01:40:00+00:00,8.973,9.117,65,50.0,0,ROUTINE,1.063,0,0
2026-04-27T01:45:00+00:00,8.973,9.116,65,50.0,0,ROUTINE,1.062,0,0
2026-04-27T01:50:00+00:00,8.967,9.12,65,50.0,0,ROUTINE,1.062,0,0
2026-04-27T01:55:00+00:00,8.957,9.117,65,50.0,0,ROUTINE,1.062,0,0
2026-04-27T02:00:00+00:00,8.949,9.111,65,50.0,0,ROUTINE,1.061,0,0
2026-04-27T02:05:00+00:00,8.964,9.098,65,50.0,0,ROUTINE,1.061,0,0
2026-04-27T02:10:00+00:00,8.951,9.113,65,50.0,0,ROUTINE,1.06,0,0
2026-04-27T02:15:00+00:00,8.97,9.113,65,50.0,0,ROUTINE,1.06,0,0
2026-04-27T02:20:00+00:00,8.963,9.136,65,50.0,0,ROUTINE,1.06,0,0
2026-04-27T02:25:00+00:00,8.973,9.143,65,50.0,0,ROUTINE,1.06,0,0
2026-04-27T02:30:00+00:00,8.969,9.157,65,50.0,0,ROUTINE,1.059,0,0
2026-04-27T02:35:00+00:00,8.973,9.155,65,50.0,0,ROUTINE,1.059,0,0
2026-04-27T02:40:00+00:00,8.974,9.157,65,50.0,0,ROUTINE,1.059,0,0
2026-04-27T02:45:00+00:00,8.986,9.155,65,50.0,0,ROUTINE,1.059,0,0
2026-04-27T02:50:00+00:00,8.974,9.169,65,50.0,0,ROUTINE,1.059,0,0
2026-04-27T02:55:00+00:00,8.972,9.162,65,50.0,0,ROUTINE,1.059,0,0
2026-04-27T03:00:00+00:00,8.977,9.151,65,50.0,0,ROUTINE,1.059,0,0
2026-04-27T03:05:00+00:00,8.982,9.148,65,50.0,0,ROUTINE,1.059,0,0
2026-04-27T03:10:00+00:00,8.999,9.155,65,50.0,0,ROUTINE,1.059,0,0
2026-04-27T03:15:00+00:00,9.018,9.181,65,50.0,0,ROUTINE,1.059,0,0
2026-04-27T03:20:00+00:00,9.025,9.216,65,50.0,0,ROUTINE,1.059,0,0
2026-04-27T03:25:00+00:00,9.035,9.242,65,50.0,0,ROUTINE,1.059,0,0
2026-04-27T03:30:00+00:00,9.051,9.254,65,50.0,0,ROUTINE,1.059,0,0
2026-04-27T03:35:00+00:00,9.054,9.269,65,50.0,0,ROUTINE,1.059,0,0
2026-04-27T03:40:00+00:00,9.07,9.272,65,50.0,0,ROUTINE,1.059,0,0
2026-04-27T03:45:00+00:00,9.059,9.281,65,50.0,0,ROUTINE,1.059,0,0
2026-04-27T03:50:00+00:00,9.065,9.266,65,50.0,0,ROUTINE,1.059,0,0
2026-04-27T03:55:00+00:00,9.07,9.257,65,50.0,0,ROUTINE,1.06,0,0
2026-04-27T04:00:00+00:00,9.066,9.252,65,50.0,0,ROUTINE,1.06,0,0
2026-04-27T04:05:00+00:00,9.064,9.247,65,50.0,0,ROUTINE,1.06,0,0
2026-04-27T04:10:00+00:00,9.081,9.239,65,50.0,0,ROUTINE,1.061,0,0
2026-04-27T04:15:00+00:00,9.096,9.255,65,50.0,0,ROUTINE,1.061,0,0
2026-04-27T04:20:00+00:00,9.076,9.283,65,50.0,0,ROUTINE,1.061,0,0
2026-04-27T04:25:00+00:00,9.08,9.18,65,50.0,0,ROUTINE,1.062,0,0
2026-04-27T04:30:00+00:00,9.065,9.284,65,50.0,0,ROUTINE,1.062,0,0
2026-04-27T04:35:00+00:00,9.055,9.231,65,50.0,0,ROUTINE,1.062,0,0
2026-04-27T04:40:00+00:00,9.068,9.22,65,50.0,0,ROUTINE,1.063,0,0
2026-04-27T04:45:00+00:00,9.059,9.198,65,50.0,0,ROUTINE,1.063,0,0
2026-04-27T04:50:00+00:00,9.042,9.21,65,50.0,0,ROUTINE,1.064,0,0
2026-04-27T04:55:00+00:00,9.036,9.096,65,50.0,0,ROUTINE,1.064,0,0
2026-04-27T05:00:00+00:00,9.037,9.199,65,50.0,0,ROUTINE,1.065,0,0
2026-04-27T05:05:00+00:00,9.039,9.174,65,50.0,0,ROUTINE,1.066,0,0
2026-04-27T05:10:00+00:00,9.046,9.198,65,50.0,0,ROUTINE,1.066,0,0
2026-04-27T05:15:00+00:00,9.056,9.194,65,50.0,0,ROUTINE,1.067,0,0
2026-04-27T05:20:00+00:00,9.052,9.231,65,50.0,0,ROUTINE,1.067,0,0
2026-04-27T05:25:00+00:00,9.055,9.138,65,50.0,0,ROUTINE,1.068,0,0
2026-04-27T05:30:00+00:00,9.041,9.262,66,50.0,0,ROUTINE,1.069,0,0
2026-04-27T05:35:00+00:00,9.03,9.122,66,50.0,0,ROUTINE,1.069,0,0
2026-04-27T05:40:00+00:00,9.021,9.128,66,50.0,0,ROUTINE,1.07,0,0
2026-04-27T05:45:00+00:00,9.025,9.1,66,50.0,0,ROUTINE,1.071,0,0
2026-04-27T05:50:00+00:00,9.027,9.1,66,50.0,0,ROUTINE,1.072,0,0
2026-04-27T05:55:00+00:00,9.029,9.142,66,50.0,0,ROUTINE,1.072,0,0
2026-04-27T06:00:00+00:00,9.017,9.154,66,50.0,0,ROUTINE,1.073,0,0
2026-04-27T06:05:00+00:00,9.02,9.181,66,50.0,0,ROUTINE,1.074,0,0
2026-04-27T06:10:00+00:00,9.016,9.18,66,50.0,0,ROUTINE,1.075,0,0
2026-04-27T06:15:00+00:00,9.016,9.181,66,50.0,0,ROUTINE,1.076,0,0
2026-04-27T06:20:00+00:00,9.024,9.18,66,50.0,0,ROUTINE,1.077,0,0
2026-04-27T06:25:00+00:00,9.006,9.188,66,50.0,0,ROUTINE,1.078,0,0
2026-04-27T06:30:00+00:00,9.003,9.079,66,50.0,0,ROUTINE,1.078,0,0
2026-04-27T06:35:00+00:00,8.995,9.084,67,50.0,0,ROUTINE,1.079,0,0
2026-04-27T06:40:00+00:00,8.99,9.069,67,50.0,0,ROUTINE,1.08,0,0
2026-04-27T06:45:00+00:00,8.974,9.068,67,50.0,0,ROUTINE,1.081,0,0
2026-04-27T06:50:00+00:00,8.98,9.068,67,50.0,0,ROUTINE,1.082,0,0
2026-04-27T06:55:00+00:00,8.974,9.079,67,50.0,0,ROUTINE,1.083,0,0
2026-04-27T07:00:00+00:00,8.967,9.106,67,50.0,0,ROUTINE,1.084,0,0
2026-04-27T07:05:00+00:00,8.971,9.105,67,50.0,0,ROUTINE,1.085,0,0
2026-04-27T07:10:00+00:00,8.966,9.118,67,50.0,0,ROUTINE,1.086,0,0
2026-04-27T07:15:00+00:00,8.963,9.118,67,50.0,0,ROUTINE,1.087,0,0
2026-04-27T07:20:00+00:00,8.963,9.117,67,50.0,0,ROUTINE,1.088,0,0
2026-04-27T07:25:00+00:00,8.953,9.115,67,50.0,0,ROUTINE,1.089,0,0
2026-04-27T07:30:00+00:00,8.945,9.013,68,50.0,0,ROUTINE,1.09,0,0
2026-04-27T07:35:00+00:00,8.946,9.015,68,50.0,0,ROUTINE,1.091,0,0
2026-04-27T07:40:00+00:00,8.934,9.014,68,50.0,0,ROUTINE,1.093,0,0
2026-04-27T07:45:00+00:00,8.948,9.013,68,50.0,0,ROUTINE,1.094,0,0
2026-04-27T07:50:00+00:00,8.933,9.046,68,50.0,0,ROUTINE,1.095,0,0
2026-04-27T07:55:00+00:00,8.941,8.96,68,50.0,0,ROUTINE,1.096,0,0
2026-04-27T08:00:00+00:00,8.955,9.018,68,50.0,0,ROUTINE,1.097,0,0
2026-04-27T08:05:00+00:00,8.958,9.024,68,50.0,0,ROUTINE,1.098,0,0
2026-04-27T08:10:00+00:00,8.968,9.06,68,50.0,0,ROUTINE,1.099,0,0
2026-04-27T08:15:00+00:00,8.962,9.052,69,50.0,0,ROUTINE,1.1,0,0
2026-04-27T08:20:00+00:00,8.963,8.97,69,50.0,0,ROUTINE,1.102,0,0
2026-04-27T08:25:00+00:00,8.962,8.968,69,50.0,0,ROUTINE,1.103,0,0
2026-04-27T08:30:00+00:00,8.975,8.968,69,50.0,0,ROUTINE,1.104,0,0
2026-04-27T08:35:00+00:00,8.982,8.989,69,50.0,0,ROUTINE,1.105,0,0
2026-04-27T08:40:00+00:00,8.976,9.02,69,50.0,0,ROUTINE,1.106,0,0
2026-04-27T08:45:00+00:00,8.963,9.035,69,50.0,0,ROUTINE,1.107,0,0
2026-04-27T08:50:00+00:00,8.963,8.942,69,50.0,0,ROUTINE,1.109,0,0
2026-04-27T08:55:00+00:00,8.963,9.039,69,50.0,0,ROUTINE,1.11,0,0
2026-04-27T09:00:00+00:00,8.961,9.1,70,50.0,0,ROUTINE,1.111,0,0
2026-04-27T09:05:00+00:00,8.966,9.018,70,50.0,0,ROUTINE,1.112,0,0
2026-04-27T09:10:00+00:00,8.97,9.018,70,50.0,0,ROUTINE,1.113,0,0
2026-04-27T09:15:00+00:00,8.978,9.046,70,50.0,0,ROUTINE,1.114,0,0
2026-04-27T09:20:00+00:00,8.993,9.069,70,50.0,0,ROUTINE,1.116,0,0
2026-04-27T09:25:00+00:00,9.002,9.113,70,50.0,0,ROUTINE,1.117,0,0
2026-04-27T09:30:00+00:00,9.005,9.152,70,50.0,0,ROUTINE,1.118,0,0
2026-04-27T09:35:00+00:00,9.0,9.181,70,50.0,0,ROUTINE,1.119,0,0
2026-04-27T09:40:00+00:00,9.015,9.173,70,50.0,0,ROUTINE,1.12,0,0
2026-04-27T09:45:00+00:00,9.015,9.18,70,50.0,0,ROUTINE,1.121,0,0
2026-04-27T09:50:00+00:00,9.0,9.178,71,50.0,0,ROUTINE,1.122,0,0
2026-04-27T09:55:00+00:00,8.985,9.061,71,50.0,0,ROUTINE,1.124,0,0
2026-04-27T10:00:00+00:00,9.005,9.04,71,50.0,0,ROUTINE,1.125,0,0
2026-04-27T10:05:00+00:00,9.005,9.048,71,50.0,0,ROUTINE,1.126,0,0
2026-04-27T10:10:00+00:00,8.995,9.067,71,50.0,0,ROUTINE,1.127,0,0
2026-04-27T10:15:00+00:00,8.997,9.085,71,50.0,0,ROUTINE,1.128,0,0
2026-04-27T10:20:00+00:00,8.992,9.094,71,50.0,0,ROUTINE,1.129,0,0
2026-04-27T10:25:00+00:00,9.003,9.115,71,50.0,0,ROUTINE,1.13,0,0
2026-04-27T10:30:00+00:00,9.004,9.128,71,50.0,0,ROUTINE,1.131,0,0
2026-04-27T10:35:00+00:00,8.992,9.143,72,50.0,0,ROUTINE,1.132,0,0
2026-04-27T10:40:00+00:00,8.987,9.038,72,50.0,0,ROUTINE,1.133,0,0
2026-04-27T10:45:00+00:00,8.992,9.035,72,50.0,0,ROUTINE,1.134,0,0
2026-04-27T10:50:00+00:00,9.002,9.035,72,50.0,0,ROUTINE,1.135,0,0
2026-04-27T10:55:00+00:00,9.009,9.056,72,50.0,0,ROUTINE,1.137,0,0
2026-04-27T11:00:00+00:00,8.98,9.095,72,50.0,0,ROUTINE,1.138,0,0
2026-04-27T11:05:00+00:00,8.988,8.986,72,50.0,0,ROUTINE,1.139,0,0
2026-04-27T11:10:00+00:00,8.99,9.111,72,50.0,0,ROUTINE,1.14,0,0
2026-04-27T11:15:00+00:00,8.98,9.09,72,50.0,0,ROUTINE,1.14,0,0
2026-04-27T11:20:00+00:00,8.977,9.005,72,50.0,0,ROUTINE,1.141,0,0
2026-04-27T11:25:00+00:00,8.973,9.087,72,50.0,0,ROUTINE,1.142,0,0
2026-04-27T11:30:00+00:00,8.964,8.974,73,50.0,0,ROUTINE,1.143,0,0
2026-04-27T11:35:00+00:00,8.956,8.986,73,50.0,0,ROUTINE,1.144,0,0
2026-04-27T11:40:00+00:00,8.974,8.972,73,50.0,0,ROUTINE,1.145,0,0
2026-04-27T11:45:00+00:00,8.978,8.998,73,50.0,0,ROUTINE,1.146,0,0
2026-04-27T11:50:00+00:00,8.982,9.049,73,50.0,0,ROUTINE,1.147,0,0
2026-04-27T11:55:00+00:00,8.983,9.068,73,50.0,0,ROUTINE,1.148,0,0
2026-04-27T12:00:00+00:00,8.981,9.018,73,50.0,0,ROUTINE,1.148,0,0
2026-04-27T12:05:00+00:00,8.978,9.014,73,50.0,0,ROUTINE,1.149,0,0
2026-04-27T12:10:00+00:00,8.983,9.005,73,50.0,0,ROUTINE,1.15,0,0
2026-04-27T12:15:00+00:00,8.989,9.005,73,50.0,0,ROUTINE,1.151,0,0
2026-04-27T12:20:00+00:00,8.995,9.007,73,50.0,0,ROUTINE,1.152,0,0
2026-04-27T12:25:00+00:00,8.997,9.02,73,50.0,0,ROUTINE,1.152,0,0
2026-04-27T12:30:00+00:00,8.997,9.025,73,50.0,0,ROUTINE,1.153,0,0
2026-04-27T12:35:00+00:00,9.002,9.025,74,50.0,0,ROUTINE,1.154,0,0
2026-04-27T12:40:00+00:00,9.007,8.931,74,50.0,0,ROUTINE,1.154,0,0
2026-04-27T12:45:00+00:00,9.001,8.95,74,50.0,0,ROUTINE,1.155,0,0
2026-04-27T12:50:00+00:00,8.999,8.944,74,50.0,0,ROUTINE,1.156,0,0
2026-04-27T12:55:00+00:00,8.996,8.943,74,50.0,0,ROUTINE,1.156,0,0
2026-04-27T13:00:00+00:00,8.994,9.031,74,50.0,0,ROUTINE,1.157,0,0
2026-04-27T13:05:00+00:00,8.997,9.04,74,50.0,0,ROUTINE,1.157,0,0
2026-04-27T13:10:00+00:00,8.977,9.066,74,50.0,0,ROUTINE,1.158,0,0
2026-04-27T13:15:00+00:00,8.961,8.953,74,50.0,0,ROUTINE,1.158,0,0
2026-04-27T13:20:00+00:00,8.951,8.942,74,50.0,0,ROUTINE,1.159,0,0
2026-04-27T13:25:00+00:00,8.936,9.012,74,50.0,0,ROUTINE,1.159,0,0
2026-04-27T13:30:00+00:00,8.936,8.875,74,50.0,0,ROUTINE,1.16,0,0
2026-04-27T13:35:00+00:00,8.944,8.989,74,50.0,0,ROUTINE,1.16,0,0
2026-04-27T13:40:00+00:00,8.95,8.989,74,50.0,0,ROUTINE,1.161,0,0
2026-04-27T13:45:00+00:00,8.96,9.028,74,50.0,0,ROUTINE,1.161,0,0
2026-04-27T13:50:00+00:00,8.95,9.041,74,50.0,0,ROUTINE,1.161,0,0
2026-04-27T13:55:00+00:00,8.945,8.952,74,50.0,0,ROUTINE,1.162,0,0
2026-04-27T14:00:00+00:00,8.955,8.945,74,50.0,0,ROUTINE,1.162,0,0
2026-04-27T14:05:00+00:00,8.942,9.045,74,50.0,0,ROUTINE,1.162,0,0
2026-04-27T14:10:00+00:00,8.948,8.921,74,50.0,0,ROUTINE,1.162,0,0
2026-04-27T14:15:00+00:00,8.961,9.035,74,50.0,0,ROUTINE,1.162,0,0
2026-04-27T14:20:00+00:00,8.964,9.036,74,50.0,0,ROUTINE,1.163,0,0
2026-04-27T14:25:00+00:00,8.961,9.064,74,50.0,0,ROUTINE,1.163,0,0
2026-04-27T14:30:00+00:00,8.959,8.949,74,50.0,0,ROUTINE,1.163,0,0
2026-04-27T14:35:00+00:00,8.962,8.966,74,50.0,0,ROUTINE,1.163,0,0
2026-04-27T14:40:00+00:00,8.952,9.047,74,50.0,0,ROUTINE,1.163,0,0
2026-04-27T14:45:00+00:00,8.957,8.929,74,50.0,0,ROUTINE,1.163,0,0
2026-04-27T14:50:00+00:00,8.962,9.039,74,50.0,0,ROUTINE,1.163,0,0
2026-04-27T14:55:00+00:00,8.976,9.031,74,50.0,0,ROUTINE,1.163,0,0
2026-04-27T15:00:00+00:00,8.976,9.067,75,50.0,0,ROUTINE,1.163,0,0
2026-04-27T15:05:00+00:00,8.984,8.963,74,50.0,0,ROUTINE,1.163,0,0
2026-04-27T15:10:00+00:00,8.957,9.095,74,50.0,0,ROUTINE,1.163,0,0
2026-04-27T15:15:00+00:00,8.961,8.838,74,50.0,0,ROUTINE,1.163,0,0
2026-04-27T15:20:00+00:00,8.971,9.053,74,50.0,0,ROUTINE,1.163,0,0
2026-04-27T15:25:00+00:00,8.958,9.008,74,50.0,0,ROUTINE,1.163,0,0
2026-04-27T15:30:00+00:00,8.973,8.931,74,50.0,0,ROUTINE,1.162,0,0
2026-04-27T15:35:00+00:00,8.964,9.028,74,50.0,0,ROUTINE,1.162,0,0
2026-04-27T15:40:00+00:00,8.957,8.93,74,50.0,0,ROUTINE,1.162,0,0
2026-04-27T15:45:00+00:00,8.965,8.94,74,50.0,0,ROUTINE,1.162,0,0
2026-04-27T15:50:00+00:00,8.955,9.041,74,50.0,0,ROUTINE,1.161,0,0
2026-04-27T15:55:00+00:00,8.955,8.927,74,50.0,0,ROUTINE,1.161,0,0
2026-04-27T16:00:00+00:00,8.965,9.047,74,50.0,0,ROUTINE,1.161,0,0
2026-04-27T16:05:00+00:00,8.963,9.032,74,50.0,0,ROUTINE,1.16,0,0
2026-04-27T16:10:00+00:00,8.967,9.052,74,50.0,0,ROUTINE,1.16,0,0
2026-04-27T16:15:00+00:00,8.967,9.036,74,50.0,0,ROUTINE,1.16,0,0
2026-04-27T16:20:00+00:00,8.974,9.045,74,50.0,0,ROUTINE,1.159,0,0
2026-04-27T16:25:00+00:00,8.96,9.045,74,50.0,0,ROUTINE,1.159,0,0
2026-04-27T16:30:00+00:00,8.954,8.938,74,50.0,0,ROUTINE,1.158,0,0
2026-04-27T16:35:00+00:00,8.989,9.031,74,50.0,0,ROUTINE,1.158,0,0
2026-04-27T16:40:00+00:00,9.0,9.041,74,50.0,0,ROUTINE,1.157,0,0
2026-04-27T16:45:00+00:00,8.984,9.095,74,50.0,0,ROUTINE,1.157,0,0
2026-04-27T16:50:00+00:00,8.993,8.975,74,50.0,0,ROUTINE,1.156,0,0
2026-04-27T16:55:00+00:00,8.993,9.1,74,50.0,0,ROUTINE,1.155,0,0
2026-04-27T17:00:00+00:00,8.991,8.977,74,50.0,0,ROUTINE,1.155,0,0
2026-04-27T17:05:00+00:00,8.989,8.99,74,50.0,0,ROUTINE,1.154,0,0
2026-04-27T17:10:00+00:00,8.999,8.957,74,50.0,0,ROUTINE,1.153,0,0
2026-04-27T17:15:00+00:00,8.997,8.983,74,50.0,0,ROUTINE,1.153,0,0
2026-04-27T17:20:00+00:00,8.98,8.979,74,50.0,0,ROUTINE,1.152,0,0
2026-04-27T17:25:00+00:00,8.968,8.967,74,50.0,0,ROUTINE,1.151,0,0
2026-04-27T17:30:00+00:00,8.965,8.938,73,50.0,0,ROUTINE,1.151,0,0
2026-04-27T17:35:00+00:00,8.974,8.919,73,50.0,0,ROUTINE,1.15,0,0
2026-04-27T17:40:00+00:00,8.956,9.024,73,50.0,0,ROUTINE,1.149,0,0
2026-04-27T17:45:00+00:00,8.954,8.896,73,50.0,0,ROUTINE,1.148,0,0
2026-04-27T17:50:00+00:00,8.954,8.991,73,50.0,0,ROUTINE,1.147,0,0
2026-04-27T17:55:00+00:00,8.945,8.96,73,50.0,0,ROUTINE,1.146,0,0
2026-04-27T18:00:00+00:00,8.943,8.943,73,50.0,0,ROUTINE,1.146,0,0
2026-04-27T18:05:00+00:00,8.945,8.917,73,50.0,0,ROUTINE,1.145,0,0
2026-04-27T18:10:00+00:00,8.94,8.922,73,50.0,0,ROUTINE,1.144,0,0
2026-04-27T18:15:00+00:00,8.938,8.916,73,50.0,0,ROUTINE,1.143,0,0
2026-04-27T18:20:00+00:00,8.948,8.923,73,50.0,0,ROUTINE,1.142,0,0
2026-04-27T18:25:00+00:00,8.957,8.937,73,50.0,0,ROUTINE,1.141,0,0
2026-04-27T18:30:00+00:00,8.968,8.96,73,50.0,0,ROUTINE,1.14,0,0
2026-04-27T18:35:00+00:00,8.976,8.988,72,50.0,0,ROUTINE,1.139,0,0
2026-04-27T18:40:00+00:00,8.995,9.1,72,50.0,0,ROUTINE,1.138,0,0
2026-04-27T18:45:00+00:00,8.989,9.105,72,50.0,0,ROUTINE,1.137,0,0
2026-04-27T18:50:00+00:00,8.965,8.995,72,50.0,0,ROUTINE,1.136,0,0
2026-04-27T18:55:00+00:00,8.959,8.948,72,50.0,0,ROUTINE,1.135,0,0
2026-04-27T19:00:00+00:00,8.968,9.075,72,50.0,0,ROUTINE,1.134,0,0
2026-04-27T19:05:00+00:00,8.958,9.041,72,50.0,0,ROUTINE,1.133,0,0
2026-04-27T19:10:00+00:00,8.963,9.038,72,50.0,0,ROUTINE,1.131,0,0
2026-04-27T19:15:00+00:00,8.965,9.034,72,50.0,0,ROUTINE,1.13,0,0
2026-04-27T19:20:00+00:00,8.962,9.057,72,50.0,0,ROUTINE,1.129,0,0
2026-04-27T19:25:00+00:00,8.961,9.054,72,50.0,0,ROUTINE,1.128,0,0
2026-04-27T19:30:00+00:00,8.948,9.061,71,50.0,0,ROUTINE,1.127,0,0
2026-04-27T19:35:00+00:00,8.964,9.044,71,50.0,0,ROUTINE,1.126,0,0
2026-04-27T19:40:00+00:00,8.984,9.148,71,50.0,0,ROUTINE,1.125,0,0
2026-04-27T19:45:00+00:00,8.959,9.159,71,50.0,0,ROUTINE,1.123,0,0
2026-04-27T19:50:00+00:00,8.956,9.042,71,50.0,0,ROUTINE,1.122,0,0
2026-04-27T19:55:00+00:00,8.954,9.109,71,50.0,0,ROUTINE,1.121,0,0
2026-04-27T20:00:00+00:00,8.955,9.062,71,50.0,0,ROUTINE,1.12,0,0
2026-04-27T20:05:00+00:00,8.97,9.055,71,50.0,0,ROUTINE,1.119,0,0
2026-04-27T20:10:00+00:00,8.956,9.055,71,50.0,0,ROUTINE,1.118,0,0
2026-04-27T20:15:00+00:00,8.947,9.064,70,50.0,0,ROUTINE,1.116,0,0
2026-04-27T20:20:00+00:00,8.944,9.047,70,50.0,0,ROUTINE,1.115,0,0
2026-04-27T20:25:00+00:00,8.943,9.134,70,50.0,0,ROUTINE,1.114,0,0
2026-04-27T20:30:00+00:00,8.952,9.107,70,50.0,0,ROUTINE,1.113,0,0
2026-04-27T20:35:00+00:00,8.943,9.106,70,50.0,0,ROUTINE,1.111,0,0
2026-04-27T20:40:00+00:00,8.937,9.081,70,50.0,0,ROUTINE,1.11,0,0
2026-04-27T20:45:00+00:00,8.961,9.06,70,50.0,0,ROUTINE,1.109,0,0
2026-04-27T20:50:00+00:00,8.968,9.071,70,50.0,0,ROUTINE,1.108,0,0
2026-04-27T20:55:00+00:00,8.971,9.098,70,50.0,0,ROUTINE,1.106,0,0
2026-04-27T21:00:00+00:00,8.971,9.116,70,50.0,0,ROUTINE,1.105,0,0
2026-04-27T21:05:00+00:00,8.955,9.115,69,50.0,0,ROUTINE,1.104,0,0
2026-04-27T21:10:00+00:00,8.957,9.095,69,50.0,0,ROUTINE,1.103,0,0
2026-04-27T21:15:00+00:00,8.961,9.168,69,50.0,0,ROUTINE,1.102,0,0
2026-04-27T21:20:00+00:00,8.948,9.143,69,50.0,0,ROUTINE,1.1,0,0
2026-04-27T21:25:00+00:00,8.93,9.024,69,50.0,0,ROUTINE,1.099,0,0
2026-04-27T21:30:00+00:00,8.944,8.988,69,50.0,0,ROUTINE,1.098,0,0
2026-04-27T21:35:00+00:00,8.977,9.075,69,50.0,0,ROUTINE,1.097,0,0
2026-04-27T21:40:00+00:00,8.979,9.104,69,50.0,0,ROUTINE,1.095,0,0
2026-04-27T21:45:00+00:00,8.973,9.144,69,50.0,0,ROUTINE,1.094,0,0
2026-04-27T21:50:00+00:00,8.979,9.137,68,50.0,0,ROUTINE,1.093,0,0
2026-04-27T21:55:00+00:00,8.984,9.24,68,50.0,0,ROUTINE,1.092,0,0
2026-04-27T22:00:00+00:00,8.99,9.198,68,50.0,0,ROUTINE,1.091,0,0
2026-04-27T22:05:00+00:00,9.157,9.194,68,50.0,0,ROUTINE,1.089,0,0
2026-04-27T22:10:00+00:00,9.476,9.366,68,50.0,0,ROUTINE,1.088,0,0
2026-04-27T22:15:00+00:00,9.862,9.855,68,50.0,0,ROUTINE,1.087,0,0
2026-04-27T22:20:00+00:00,10.262,10.564,68,50.0,0,ROUTINE,1.086,0,0
2026-04-27T22:25:00+00:00,10.622,11.317,68,50.0,0,ROUTINE,1.085,0,0
2026-04-27T22:30:00+00:00,10.922,11.938,68,50.0,0,ROUTINE,1.084,0,0
2026-04-27T22:35:00+00:00,11.186,12.329,67,50.0,0,ROUTINE,1.082,0,0
2026-04-27T22:40:00+00:00,11.398,12.618,67,50.0,0,ROUTINE,1.081,0,0
2026-04-27T22:45:00+00:00,11.574,12.649,67,50.0,0,ROUTINE,1.08,0,0
2026-04-27T22:50:00+00:00,11.705,12.639,67,50.0,0,ROUTINE,1.079,0,0
2026-04-27T22:55:00+00:00,11.816,12.576,67,50.0,0,ROUTINE,1.078,0,0
2026-04-27T23:00:00+00:00,11.901,12.545,67,50.0,0,ROUTINE,1.077,0,0
2026-04-27T23:05:00+00:00,11.955,12.49,67,50.0,0,ROUTINE,1.076,0,0
2026-04-27T23:10:00+00:00,12.004,12.46,67,50.0,0,ROUTINE,1.075,0,0
2026-04-27T23:15:00+00:00,12.044,12.42,67,50.0,0,ROUTINE,1.074,0,0
2026-04-27T23:20:00+00:00,12.081,12.4,67,50.0,0,ROUTINE,1.073,0,0
2026-04-27T23:25:00+00:00,12.096,12.394,67,50.0,0,ROUTINE,1.072,0,0
2026-04-27T23:30:00+00:00,12.11,12.376,67,50.0,0,ROUTINE,1.071,0,0
2026-04-27T23:35:00+00:00,12.136,12.357,67,50.0,0,ROUTINE,1.07,0,0
2026-04-27T23:40:00+00:00,12.143,12.356,67,50.0,0,ROUTINE,1.069,0,0
2026-04-27T23:45:00+00:00,12.148,12.354,66,50.0,0,ROUTINE,1.068,0,0
2026-04-27T23:50:00+00:00,12.164,12.443,66,50.0,0,ROUTINE,1.067,0,0
2026-04-27T23:55:00+00:00,12.177,12.414,66,50.0,0,ROUTINE,1.066,0,0
2026-04-28T00:00:00+00:00,12.176,12.429,66,50.0,0,ROUTINE,0.968,0,0
2026-04-28T00:05:00+00:00,12.195,12.403,66,50.0,0,ROUTINE,0.967,0,0
2026-04-28T00:10:00+00:00,12.206,12.406,66,50.0,0,ROUTINE,0.967,0,0
2026-04-28T00:15:00+00:00,12.214,12.415,66,50.0,0,ROUTINE,0.966,0,0
2026-04-28T00:20:00+00:00,12.215,12.433,66,50.0,0,ROUTINE,0.965,0,0
2026-04-28T00:25:00+00:00,12.232,12.432,66,50.0,0,ROUTINE,0.964,0,0
2026-04-28T00:30:00+00:00,12.239,12.447,66,50.0,0,ROUTINE,0.964,0,0
2026-04-28T00:35:00+00:00,12.239,12.456,66,50.0,0,ROUTINE,0.963,0,0
2026-04-28T00:40:00+00:00,12.231,12.457,66,50.0,0,ROUTINE,0.962,0,0
2026-04-28T00:45:00+00:00,12.235,12.438,66,50.0,0,ROUTINE,0.962,0,0
2026-04-28T00:50:00+00:00,12.245,12.429,66,50.0,0,ROUTINE,0.961,0,0
2026-04-28T00:55:00+00:00,12.235,12.435,66,50.0,0,ROUTINE,0.961,0,0
2026-04-28T01:00:00+00:00,12.24,12.431,66,50.0,0,ROUTINE,0.96,0,0
2026-04-28T01:05:00+00:00,12.227,12.431,65,50.0,0,ROUTINE,0.959,0,0
2026-04-28T01:10:00+00:00,12.236,12.416,65,50.0,0,ROUTINE,0.959,0,0
2026-04-28T01:15:00+00:00,12.232,12.508,65,50.0,0,ROUTINE,0.958,0,0
2026-04-28T01:20:00+00:00,12.226,12.382,65,50.0,0,ROUTINE,0.958,0,0
2026-04-28T01:25:00+00:00,12.222,12.391,65,50.0,0,ROUTINE,0.957,0,0
2026-04-28T01:30:00+00:00,12.221,12.464,65,50.0,0,ROUTINE,0.957,0,0
2026-04-28T01:35:00+00:00,12.19,12.413,65,50.0,0,ROUTINE,0.957,0,0
2026-04-28T01:40:00+00:00,12.202,12.299,65,50.0,0,ROUTINE,0.956,0,0
2026-04-28T01:45:00+00:00,12.204,12.382,65,50.0,0,ROUTINE,0.956,0,0
2026-04-28T01:50:00+00:00,12.205,12.367,65,50.0,0,ROUTINE,0.955,0,0
2026-04-28T01:55:00+00:00,12.199,12.397,65,50.0,0,ROUTINE,0.955,0,0
2026-04-28T02:00:00+00:00,12.207,12.375,65,50.0,0,ROUTINE,0.955,0,0
2026-04-28T02:05:00+00:00,12.209,12.404,65,50.0,0,ROUTINE,0.954,0,0
2026-04-28T02:10:00+00:00,12.211,12.41,65,50.0,0,ROUTINE,0.954,0,0
2026-04-28T02:15:00+00:00,12.212,12.427,65,50.0,0,ROUTINE,0.954,0,0
2026-04-28T02:20:00+00:00,12.202,12.432,65,50.0,0,ROUTINE,0.954,0,0
2026-04-28T02:25:00+00:00,12.195,12.421,65,50.0,0,ROUTINE,0.953,0,0
2026-04-28T02:30:00+00:00,12.183,12.404,65,50.0,0,ROUTINE,0.953,0,0
2026-04-28T02:35:00+00:00,12.185,12.381,65,50.0,0,ROUTINE,0.953,0,0
2026-04-28T02:40:00+00:00,12.176,12.373,65,50.0,0,ROUTINE,0.953,0,0
2026-04-28T02:45:00+00:00,12.16,12.366,65,50.0,0,ROUTINE,0.953,0,0
2026-04-28T02:50:00+00:00,12.151,12.348,65,50.0,0,ROUTINE,0.953,0,0
2026-04-28T02:55:00+00:00,12.148,12.331,65,50.0,0,ROUTINE,0.953,0,0
2026-04-28T03:00:00+00:00,12.148,12.324,65,50.0,0,ROUTINE,0.953,0,0
2026-04-28T03:05:00+00:00,12.165,12.329,65,50.0,0,ROUTINE,0.953,0,0
2026-04-28T03:10:00+00:00,12.181,12.358,65,50.0,0,ROUTINE,0.953,0,0
2026-04-28T03:15:00+00:00,12.195,12.399,65,50.0,0,ROUTINE,0.953,0,0
2026-04-28T03:20:00+00:00,12.204,12.437,65,50.0,0,ROUTINE,0.953,0,0
2026-04-28T03:25:00+00:00,12.211,12.458,65,50.0,0,ROUTINE,0.953,0,0
2026-04-28T03:30:00+00:00,12.213,12.468,65,50.0,0,ROUTINE,0.953,0,0
2026-04-28T03:35:00+00:00,12.205,12.463,65,50.0,0,ROUTINE,0.953,0,0
2026-04-28T03:40:00+00:00,12.216,12.444,65,50.0,0,ROUTINE,0.953,0,0
2026-04-28T03:45:00+00:00,12.242,12.441,65,50.0,0,ROUTINE,0.954,0,0
2026-04-28T03:50:00+00:00,12.225,12.47,65,50.0,0,ROUTINE,0.954,0,0
2026-04-28T03:55:00+00:00,12.224,12.379,65,50.0,0,ROUTINE,0.954,0,0
2026-04-28T04:00:00+00:00,12.213,12.482,65,50.0,0,ROUTINE,0.954,0,0
2026-04-28T04:05:00+00:00,12.22,12.423,65,50.0,0,ROUTINE,0.954,0,0
2026-04-28T04:10:00+00:00,12.208,12.43,65,50.0,0,ROUTINE,0.955,0,0
2026-04-28T04:15:00+00:00,12.201,12.3,65,50.0,0,ROUTINE,0.955,0,0
2026-04-28T04:20:00+00:00,12.205,12.412,65,50.0,0,ROUTINE,0.955,0,0
2026-04-28T04:25:00+00:00,12.196,12.379,65,50.0,0,ROUTINE,0.956,0,0
2026-04-28T04:30:00+00:00,12.204,12.394,65,50.0,0,ROUTINE,0.956,0,0
2026-04-28T04:35:00+00:00,12.226,12.38,65,50.0,0,ROUTINE,0.957,0,0
2026-04-28T04:40:00+00:00,12.229,12.428,65,50.0,0,ROUTINE,0.957,0,0
2026-04-28T04:45:00+00:00,12.233,12.453,65,50.0,0,ROUTINE,0.957,0,0
2026-04-28T04:50:00+00:00,12.251,12.472,65,50.0,0,ROUTINE,0.958,0,0
2026-04-28T04:55:00+00:00,12.256,12.492,66,50.0,0,ROUTINE,0.958,0,0
2026-04-28T05:00:00+00:00,12.248,12.414,66,50.0,0,ROUTINE,0.959,0,0
2026-04-28T05:05:00+00:00,12.253,12.427,66,50.0,0,ROUTINE,0.959,0,0
2026-04-28T05:10:00+00:00,12.246,12.416,66,50.0,0,ROUTINE,0.96,0,0
2026-04-28T05:15:00+00:00,12.255,12.408,66,50.0,0,ROUTINE,0.961,0,0
2026-04-28T05:20:00+00:00,12.259,12.421,66,50.0,0,ROUTINE,0.961,0,0
2026-04-28T05:25:00+00:00,12.279,12.434,66,50.0,0,ROUTINE,0.962,0,0
2026-04-28T05:30:00+00:00,12.282,12.481,66,50.0,0,ROUTINE,0.962,0,0
2026-04-28T05:35:00+00:00,12.28,12.499,66,50.0,0,ROUTINE,0.963,0,0
2026-04-28T05:40:00+00:00,12.286,12.504,66,50.0,0,ROUTINE,0.964,0,0
2026-04-28T05:45:00+00:00,12.297,12.499,66,50.0,0,ROUTINE,0.965,0,0
2026-04-28T05:50:00+00:00,12.3,12.508,66,50.0,0,ROUTINE,0.965,0,0
2026-04-28T05:55:00+00:00,12.294,12.513,66,50.0,0,ROUTINE,0.966,0,0
2026-04-28T06:00:00+00:00,12.308,12.415,66,50.0,0,ROUTINE,0.967,0,0
2026-04-28T06:05:00+00:00,12.303,12.535,66,50.0,0,ROUTINE,0.967,0,0
2026-04-28T06:10:00+00:00,12.298,12.407,67,50.0,0,ROUTINE,0.968,0,0
2026-04-28T06:15:00+00:00,12.303,12.434,67,50.0,0,ROUTINE,0.969,0,0
2026-04-28T06:20:00+00:00,12.3,12.417,67,50.0,0,ROUTINE,0.97,0,0
2026-04-28T06:25:00+00:00,12.294,12.42,67,50.0,0,ROUTINE,0.971,0,0
2026-04-28T06:30:00+00:00,12.3,12.438,67,50.0,0,ROUTINE,0.972,0,0
2026-04-28T06:35:00+00:00,12.319,12.437,67,50.0,0,ROUTINE,0.972,0,0
2026-04-28T06:40:00+00:00,12.314,12.488,67,50.0,0,ROUTINE,0.973,0,0
2026-04-28T06:45:00+00:00,12.32,12.497,67,50.0,0,ROUTINE,0.974,0,0
2026-04-28T06:50:00+00:00,12.325,12.507,67,50.0,0,ROUTINE,0.975,0,0
2026-04-28T06:55:00+00:00,12.302,12.51,67,50.0,0,ROUTINE,0.976,0,0
2026-04-28T07:00:00+00:00,12.309,12.391,67,50.0,0,ROUTINE,0.977,0,0
2026-04-28T07:05:00+00:00,12.314,12.491,68,50.0,0,ROUTINE,0.978,0,0
2026-04-28T07:10:00+00:00,12.318,12.368,68,50.0,0,ROUTINE,0.979,0,0
2026-04-28T07:15:00+00:00,12.301,12.415,68,50.0,0,ROUTINE,0.98,0,0
2026-04-28T07:20:00+00:00,12.305,12.39,68,50.0,0,ROUTINE,0.981,0,0
2026-04-28T07:25:00+00:00,12.303,12.389,68,50.0,0,ROUTINE,0.982,0,0
2026-04-28T07:30:00+00:00,12.291,12.411,68,50.0,0,ROUTINE,0.983,0,0
2026-04-28T07:35:00+00:00,12.274,12.3,68,50.0,0,ROUTINE,0.984,0,0
2026-04-28T07:40:00+00:00,12.306,12.317,68,50.0,0,ROUTINE,0.985,0,0
2026-04-28T07:45:00+00:00,12.309,12.433,68,50.0,0,ROUTINE,0.986,0,0
2026-04-28T07:50:00+00:00,12.3,12.443,68,50.0,0,ROUTINE,0.987,0,0
2026-04-28T07:55:00+00:00,12.298,12.357,69,50.0,0,ROUTINE,0.988,0,0
2026-04-28T08:00:00+00:00,12.296,12.249,69,50.0,0,ROUTINE,0.989,0,0
2026-04-28T08:05:00+00:00,12.308,12.248,69,50.0,0,ROUTINE,0.99,0,0
2026-04-28T08:10:00+00:00,12.315,12.258,69,50.0,0,ROUTINE,0.991,0,0
2026-04-28T08:15:00+00:00,12.299,12.296,69,50.0,0,ROUTINE,0.992,0,0
2026-04-28T08:20:00+00:00,12.297,12.197,69,50.0,0,ROUTINE,0.993,0,0
2026-04-28T08:25:00+00:00,12.291,12.321,69,50.0,0,ROUTINE,0.994,0,0
2026-04-28T08:30:00+00:00,12.292,12.271,69,50.0,0,ROUTINE,0.995,0,0
2026-04-28T08:35:00+00:00,12.286,12.285,69,50.0,0,ROUTINE,0.996,0,0
2026-04-28T08:40:00+00:00,12.292,12.153,70,50.0,0,ROUTINE,0.997,0,0
2026-04-28T08:45:00+00:00,12.294,12.193,70,50.0,0,ROUTINE,0.998,0,0
2026-04-28T08:50:00+00:00,12.304,12.2,70,50.0,0,ROUTINE,0.999,0,0
2026-04-28T08:55:00+00:00,12.31,12.235,70,50.0,0,ROUTINE,1.0,0,0
2026-04-28T09:00:00+00:00,12.318,12.366,70,50.0,0,ROUTINE,1.001,0,0
2026-04-28T09:05:00+00:00,12.323,12.39,70,50.0,0,ROUTINE,1.003,0,0
2026-04-28T09:10:00+00:00,12.31,12.417,70,50.0,0,ROUTINE,1.004,0,0
2026-04-28T09:15:00+00:00,12.32,12.307,70,50.0,0,ROUTINE,1.005,0,0
2026-04-28T09:20:00+00:00,12.315,12.416,70,50.0,0,ROUTINE,1.006,0,0
2026-04-28T09:25:00+00:00,12.337,12.287,71,50.0,0,ROUTINE,1.007,0,0
2026-04-28T09:30:00+00:00,12.338,12.337,71,50.0,0,ROUTINE,1.008,0,0
2026-04-28T09:35:00+00:00,12.339,12.343,71,50.0,0,ROUTINE,1.009,0,0
2026-04-28T09:40:00+00:00,12.338,12.356,71,50.0,0,ROUTINE,1.01,0,0
2026-04-28T09:45:00+00:00,12.327,12.374,71,50.0,0,ROUTINE,1.011,0,0
2026-04-28T09:50:00+00:00,12.347,12.356,71,50.0,0,ROUTINE,1.012,0,0
2026-04-28T09:55:00+00:00,12.346,12.387,71,50.0,0,ROUTINE,1.013,0,0
2026-04-28T10:00:00+00:00,12.344,12.395,71,50.0,0,ROUTINE,1.014,0,0
2026-04-28T10:05:00+00:00,12.333,12.397,71,50.0,0,ROUTINE,1.015,0,0
2026-04-28T10:10:00+00:00,12.329,12.284,71,50.0,0,ROUTINE,1.016,0,0
2026-04-28T10:15:00+00:00,12.321,12.283,72,50.0,0,ROUTINE,1.017,0,0
2026-04-28T10:20:00+00:00,12.321,12.266,72,50.0,0,ROUTINE,1.018,0,0
2026-04-28T10:25:00+00:00,12.315,12.269,72,50.0,0,ROUTINE,1.019,0,0
2026-04-28T10:30:00+00:00,12.313,12.278,72,50.0,0,ROUTINE,1.02,0,0
2026-04-28T10:35:00+00:00,12.335,12.284,72,50.0,0,ROUTINE,1.021,0,0
2026-04-28T10:40:00+00:00,12.338,12.337,72,50.0,0,ROUTINE,1.022,0,0
2026-04-28T10:45:00+00:00,12.325,12.359,72,50.0,0,ROUTINE,1.023,0,0
2026-04-28T10:50:00+00:00,12.324,12.264,72,50.0,0,ROUTINE,1.024,0,0
2026-04-28T10:55:00+00:00,12.327,12.358,72,50.0,0,ROUTINE,1.025,0,0
2026-04-28T11:00:00+00:00,12.338,12.324,73,50.0,0,ROUTINE,1.026,0,0
2026-04-28T11:05:00+00:00,12.337,12.255,73,50.0,0,ROUTINE,1.027,0,0
2026-04-28T11:10:00+00:00,12.328,12.252,73,50.0,0,ROUTINE,1.028,0,0
2026-04-28T11:15:00+00:00,12.33,12.257,73,50.0,0,ROUTINE,1.029,0,0
2026-04-28T11:20:00+00:00,12.321,12.261,73,50.0,0,ROUTINE,1.03,0,0
2026-04-28T11:25:00+00:00,12.317,12.262,73,50.0,0,ROUTINE,1.031,0,0
2026-04-28T11:30:00+00:00,12.323,12.265,73,50.0,0,ROUTINE,1.031,0,0
2026-04-28T11:35:00+00:00,12.304,12.287,73,50.0,0,ROUTINE,1.032,0,0
2026-04-28T11:40:00+00:00,12.311,12.177,73,50.0,0,ROUTINE,1.033,0,0
2026-04-28T11:45:00+00:00,12.317,12.292,73,50.0,0,ROUTINE,1.034,0,0
2026-04-28T11:50:00+00:00,12.319,12.275,73,50.0,0,ROUTINE,1.035,0,0
2026-04-28T11:55:00+00:00,12.318,12.299,73,50.0,0,ROUTINE,1.036,0,0
2026-04-28T12:00:00+00:00,12.33,12.173,74,50.0,0,ROUTINE,1.036,0,0
2026-04-28T12:05:00+00:00,12.345,12.111,74,50.0,0,ROUTINE,1.037,0,0
2026-04-28T12:10:00+00:00,12.345,12.148,74,50.0,0,ROUTINE,1.038,0,0
2026-04-28T12:15:00+00:00,12.336,12.169,74,50.0,0,ROUTINE,1.039,0,0
2026-04-28T12:20:00+00:00,12.332,12.169,74,50.0,0,ROUTINE,1.039,0,0
2026-04-28T12:25:00+00:00,12.332,12.157,74,50.0,0,ROUTINE,1.04,0,0
2026-04-28T12:30:00+00:00,12.35,12.159,74,50.0,0,ROUTINE,1.041,0,0
2026-04-28T12:35:00+00:00,12.353,12.193,74,50.0,0,ROUTINE,1.041,0,0
2026-04-28T12:40:00+00:00,12.344,12.212,74,50.0,0,ROUTINE,1.042,0,0
2026-04-28T12:45:00+00:00,12.339,12.211,74,50.0,0,ROUTINE,1.042,0,0
2026-04-28T12:50:00+00:00,12.341,12.193,74,50.0,0,ROUTINE,1.043,0,0
2026-04-28T12:55:00+00:00,12.327,12.183,74,50.0,0,ROUTINE,1.044,0,0
2026-04-28T13:00:00+00:00,12.327,12.167,74,50.0,0,ROUTINE,1.044,0,0
2026-04-28T13:05:00+00:00,12.329,12.269,74,50.0,0,ROUTINE,1.045,0,0
2026-04-28T13:10:00+00:00,12.323,12.244,74,50.0,0,ROUTINE,1.045,0,0
2026-04-28T13:15:00+00:00,12.326,12.162,74,50.0,0,ROUTINE,1.046,0,0
2026-04-28T13:20:00+00:00,12.317,12.251,75,50.0,0,ROUTINE,1.046,0,0
2026-04-28T13:25:00+00:00,12.318,12.136,75,50.0,0,ROUTINE,1.047,0,0
2026-04-28T13:30:00+00:00,12.33,12.163,75,50.0,0,ROUTINE,1.047,0,0
2026-04-28T13:35:00+00:00,12.334,12.175,75,50.0,0,ROUTINE,1.047,0,0
2026-04-28T13:40:00+00:00,12.335,12.2,75,50.0,0,ROUTINE,1.048,0,0
2026-04-28T13:45:00+00:00,12.357,12.242,75,50.0,0,ROUTINE,1.048,0,0
2026-04-28T13:50:00+00:00,12.368,12.264,75,50.0,0,ROUTINE,1.048,0,0
2026-04-28T13:55:00+00:00,12.376,12.316,75,50.0,0,ROUTINE,1.049,0,0
2026-04-28T14:00:00+00:00,12.38,12.33,75,50.0,0,ROUTINE,1.049,0,0
2026-04-28T14:05:00+00:00,12.378,12.331,75,50.0,0,ROUTINE,1.049,0,0
2026-04-28T14:10:00+00:00,12.376,12.322,75,50.0,0,ROUTINE,1.049,0,0
2026-04-28T14:15:00+00:00,12.383,12.302,75,50.0,0,ROUTINE,1.05,0,0
2026-04-28T14:20:00+00:00,12.387,12.301,75,50.0,0,ROUTINE,1.05,0,0
2026-04-28T14:25:00+00:00,12.397,12.305,75,50.0,0,ROUTINE,1.05,0,0
2026-04-28T14:30:00+00:00,12.405,12.321,75,50.0,0,ROUTINE,1.05,0,0
2026-04-28T14:35:00+00:00,12.406,12.335,75,50.0,0,ROUTINE,1.05,0,0
2026-04-28T14:40:00+00:00,12.398,12.34,75,50.0,0,ROUTINE,1.05,0,0
2026-04-28T14:45:00+00:00,12.401,12.322,75,50.0,0,ROUTINE,1.05,0,0
2026-04-28T14:50:00+00:00,12.402,12.312,75,50.0,0,ROUTINE,1.051,0,0
2026-04-28T14:55:00+00:00,12.393,12.306,75,50.0,0,ROUTINE,1.051,0,0
2026-04-28T15:00:00+00:00,12.396,12.294,75,50.0,0,ROUTINE,1.051,0,0
2026-04-28T15:05:00+00:00,12.404,12.291,75,50.0,0,ROUTINE,1.051,0,0
2026-04-28T15:10:00+00:00,12.38,12.302,75,50.0,0,ROUTINE,1.05,0,0
2026-04-28T15:15:00+00:00,12.365,12.185,75,50.0,0,ROUTINE,1.05,0,0
2026-04-28T15:20:00+00:00,12.356,12.168,75,50.0,0,ROUTINE,1.05,0,0
2026-04-28T15:25:00+00:00,12.346,12.237,75,50.0,0,ROUTINE,1.05,0,0
2026-04-28T15:30:00+00:00,12.337,12.2,75,50.0,0,ROUTINE,1.05,0,0
2026-04-28T15:35:00+00:00,12.337,12.191,75,50.0,0,ROUTINE,1.05,0,0
2026-04-28T15:40:00+00:00,12.338,12.177,75,50.0,0,ROUTINE,1.05,0,0
2026-04-28T15:45:00+00:00,12.364,12.199,75,50.0,0,ROUTINE,1.05,0,0
2026-04-28T15:50:00+00:00,12.357,12.243,75,50.0,0,ROUTINE,1.049,0,0
2026-04-28T15:55:00+00:00,12.354,12.267,75,50.0,0,ROUTINE,1.049,0,0
2026-04-28T16:00:00+00:00,12.321,12.27,75,50.0,0,ROUTINE,1.049,0,0
2026-04-28T16:05:00+00:00,12.317,12.122,75,50.0,0,ROUTINE,1.048,0,0
2026-04-28T16:10:00+00:00,12.33,12.2,75,50.0,0,ROUTINE,1.048,0,0
2026-04-28T16:15:00+00:00,12.344,12.178,75,50.0,0,ROUTINE,1.048,0,0
2026-04-28T16:20:00+00:00,12.343,12.223,75,50.0,0,ROUTINE,1.047,0,0
2026-04-28T16:25:00+00:00,12.332,12.223,75,50.0,0,ROUTINE,1.047,0,0
2026-04-28T16:30:00+00:00,12.344,12.231,75,50.0,0,ROUTINE,1.047,0,0
2026-04-28T16:35:00+00:00,12.338,12.236,75,50.0,0,ROUTINE,1.046,0,0
2026-04-28T16:40:00+00:00,12.331,12.238,75,50.0,0,ROUTINE,1.046,0,0
2026-04-28T16:45:00+00:00,12.333,12.23,74,50.0,0,ROUTINE,1.045,0,0
2026-04-28T16:50:00+00:00,12.344,12.317,74,50.0,0,ROUTINE,1.045,0,0
2026-04-28T16:55:00+00:00,12.347,12.303,74,50.0,0,ROUTINE,1.044,0,0
2026-04-28T17:00:00+00:00,12.358,12.203,74,50.0,0,ROUTINE,1.044,0,0
2026-04-28T17:05:00+00:00,12.364,12.194,74,50.0,0,ROUTINE,1.043,0,0
2026-04-28T17:10:00+00:00,12.37,12.199,74,50.0,0,ROUTINE,1.042,0,0
2026-04-28T17:15:00+00:00,12.36,12.203,74,50.0,0,ROUTINE,1.042,0,0
2026-04-28T17:20:00+00:00,12.33,12.1,74,50.0,0,ROUTINE,1.041,0,0
2026-04-28T17:25:00+00:00,12.312,12.07,74,50.0,0,ROUTINE,1.041,0,0
2026-04-28T17:30:00+00:00,12.32,12.02,74,50.0,0,ROUTINE,1.04,0,0
2026-04-28T17:35:00+00:00,12.33,12.113,74,50.0,0,ROUTINE,1.039,0,0
2026-04-28T17:40:00+00:00,12.315,12.125,74,50.0,0,ROUTINE,1.039,0,0
2026-04-28T17:45:00+00:00,12.315,12.124,74,50.0,0,ROUTINE,1.038,0,0
2026-04-28T17:50:00+00:00,12.313,12.123,74,50.0,0,ROUTINE,1.037,0,0
2026-04-28T17:55:00+00:00,12.308,12.118,74,50.0,0,ROUTINE,1.036,0,0
2026-04-28T18:00:00+00:00,12.312,12.11,74,50.0,0,ROUTINE,1.036,0,0
2026-04-28T18:05:00+00:00,12.325,12.123,73,50.0,0,ROUTINE,1.035,0,0
2026-04-28T18:10:00+00:00,12.326,12.237,73,50.0,0,ROUTINE,1.034,0,0
2026-04-28T18:15:00+00:00,12.323,12.228,73,50.0,0,ROUTINE,1.033,0,0
2026-04-28T18:20:00+00:00,12.317,12.214,73,50.0,0,ROUTINE,1.032,0,0
2026-04-28T18:25:00+00:00,12.317,12.173,73,50.0,0,ROUTINE,1.032,0,0
2026-04-28T18:30:00+00:00,12.318,12.156,73,50.0,0,ROUTINE,1.031,0,0
2026-04-28T18:35:00+00:00,12.316,12.146,73,50.0,0,ROUTINE,1.03,0,0
2026-04-28T18:40:00+00:00,12.31,12.154,73,50.0,0,ROUTINE,1.029,0,0
2026-04-28T18:45:00+00:00,12.313,12.151,73,50.0,0,ROUTINE,1.028,0,0
2026-04-28T18:50:00+00:00,12.313,12.155,73,50.0,0,ROUTINE,1.027,0,0
2026-04-28T18:55:00+00:00,12.297,12.16,73,50.0,0,ROUTINE,1.026,0,0
2026-04-28T19:00:00+00:00,12.317,12.243,72,50.0,0,ROUTINE,1.025,0,0
2026-04-28T19:05:00+00:00,12.306,12.352,72,50.0,0,ROUTINE,1.024,0,0
2026-04-28T19:10:00+00:00,12.32,12.228,72,50.0,0,ROUTINE,1.023,0,0
2026-04-28T19:15:00+00:00,12.313,12.345,72,50.0,0,ROUTINE,1.022,0,0
2026-04-28T19:20:00+00:00,12.316,12.304,72,50.0,0,ROUTINE,1.021,0,0
2026-04-28T19:25:00+00:00,12.309,12.301,72,50.0,0,ROUTINE,1.02,0,0
2026-04-28T19:30:00+00:00,12.296,12.266,72,50.0,0,ROUTINE,1.019,0,0
2026-04-28T19:35:00+00:00,12.305,12.255,72,50.0,0,ROUTINE,1.018,0,0
2026-04-28T19:40:00+00:00,12.322,12.252,72,50.0,0,ROUTINE,1.017,0,0
2026-04-28T19:45:00+00:00,12.321,12.289,72,50.0,0,ROUTINE,1.016,0,0
2026-04-28T19:50:00+00:00,12.326,12.312,71,50.0,0,ROUTINE,1.015,0,0
2026-04-28T19:55:00+00:00,12.315,12.417,71,50.0,0,ROUTINE,1.014,0,0
2026-04-28T20:00:00+00:00,12.31,12.284,71,50.0,0,ROUTINE,1.013,0,0
2026-04-28T20:05:00+00:00,12.3,12.361,71,50.0,0,ROUTINE,1.012,0,0
2026-04-28T20:10:00+00:00,12.304,12.209,71,50.0,0,ROUTINE,1.011,0,0
2026-04-28T20:15:00+00:00,12.305,12.301,71,50.0,0,ROUTINE,1.01,0,0
2026-04-28T20:20:00+00:00,12.298,12.285,71,50.0,0,ROUTINE,1.009,0,0
2026-04-28T20:25:00+00:00,12.295,12.283,71,50.0,0,ROUTINE,1.008,0,0
2026-04-28T20:30:00+00:00,12.309,12.273,71,50.0,0,ROUTINE,1.007,0,0
2026-04-28T20:35:00+00:00,12.32,12.299,71,50.0,0,ROUTINE,1.006,0,0
2026-04-28T20:40:00+00:00,12.343,12.326,70,50.0,0,ROUTINE,1.004,0,0
2026-04-28T20:45:00+00:00,12.342,12.469,70,50.0,0,ROUTINE,1.003,0,0
2026-04-28T20:50:00+00:00,12.353,12.457,70,50.0,0,ROUTINE,1.002,0,0
2026-04-28T20:55:00+00:00,12.368,12.454,70,50.0,0,ROUTINE,1.001,0,0
2026-04-28T21:00:00+00:00,12.368,12.441,70,50.0,0,ROUTINE,1.0,0,0
2026-04-28T21:05:00+00:00,12.365,12.435,70,50.0,0,ROUTINE,0.999,0,0
2026-04-28T21:10:00+00:00,12.372,12.417,70,50.0,0,ROUTINE,0.998,0,0
2026-04-28T21:15:00+00:00,12.369,12.42,70,50.0,0,ROUTINE,0.997,0,0
2026-04-28T21:20:00+00:00,12.391,12.416,70,50.0,0,ROUTINE,0.996,0,0
2026-04-28T21:25:00+00:00,12.373,12.442,70,50.0,0,ROUTINE,0.995,0,0
2026-04-28T21:30:00+00:00,12.366,12.434,69,50.0,0,ROUTINE,0.994,0,0
2026-04-28T21:35:00+00:00,12.369,12.415,69,50.0,0,ROUTINE,0.992,0,0
2026-04-28T21:40:00+00:00,12.364,12.497,69,50.0,0,ROUTINE,0.991,0,0
2026-04-28T21:45:00+00:00,12.358,12.459,69,50.0,0,ROUTINE,0.99,0,0
2026-04-28T21:50:00+00:00,12.347,12.442,69,50.0,0,ROUTINE,0.989,0,0
2026-04-28T21:55:00+00:00,12.341,12.4,69,50.0,0,ROUTINE,0.988,0,0
2026-04-28T22:00:00+00:00,12.344,12.382,69,50.0,0,ROUTINE,0.987,0,0
2026-04-28T22:05:00+00:00,12.523,12.38,69,50.0,0,ROUTINE,0.986,0,0
2026-04-28T22:10:00+00:00,12.925,12.61,69,50.0,0,ROUTINE,0.985,0,0
2026-04-28T22:15:00+00:00,13.415,13.232,70,50.0,0,ROUTINE,0.984,0,0
2026-04-28T22:20:00+00:00,13.897,14.045,71,50.0,0,ROUTINE,0.983,0,0
2026-04-28T22:25:00+00:00,14.343,14.887,71,50.0,0,ROUTINE,0.982,0,0
2026-04-28T22:30:00+00:00,14.744,15.649,72,50.0,0,ROUTINE,0.981,0,0
2026-04-28T22:35:00+00:00,15.059,16.099,72,50.0,0,ROUTINE,0.98,0,0
2026-04-28T22:40:00+00:00,15.336,16.404,72,50.0,0,ROUTINE,0.979,0,0
2026-04-28T22:45:00+00:00,15.568,16.555,73,50.0,0,ROUTINE,0.978,0,0
2026-04-28T22:50:00+00:00,15.727,16.553,73,50.0,0,ROUTINE,0.977,0,0
2026-04-28T22:55:00+00:00,15.845,16.572,73,50.0,0,ROUTINE,0.976,0,0
2026-04-28T23:00:00+00:00,15.955,16.546,73,50.0,0,ROUTINE,0.975,0,0
2026-04-28T23:05:00+00:00,16.049,16.521,73,50.0,0,ROUTINE,0.974,0,0
2026-04-28T23:10:00+00:00,16.115,16.503,73,50.0,0,ROUTINE,0.973,0,0
2026-04-28T23:15:00+00:00,16.163,16.499,73,50.0,0,ROUTINE,0.972,0,0
2026-04-28T23:20:00+00:00,16.207,16.466,73,50.0,0,ROUTINE,0.971,0,0
2026-04-28T23:25:00+00:00,16.218,16.435,73,50.0,0,ROUTINE,0.97,0,0
2026-04-28T23:30:00+00:00,16.232,16.379,73,50.0,0,ROUTINE,0.97,0,0
2026-04-28T23:35:00+00:00,16.256,16.323,73,50.0,0,ROUTINE,0.969,0,0
2026-04-28T23:40:00+00:00,16.285,16.293,73,50.0,0,ROUTINE,0.968,0,0
2026-04-28T23:45:00+00:00,16.299,16.298,73,50.0,0,ROUTINE,0.967,0,0
2026-04-28T23:50:00+00:00,16.315,16.297,73,50.0,0,ROUTINE,0.966,0,0
2026-04-28T23:55:00+00:00,16.331,16.296,73,50.0,0,ROUTINE,0.965,0,0
2026-04-29T00:00:00+00:00,16.336,16.292,72,50.0,0,ROUTINE,0.965,0,0
2026-04-29T00:05:00+00:00,16.337,16.373,72,50.0,0,ROUTINE,0.964,0,0
2026-04-29T00:10:00+00:00,16.348,16.322,72,50.0,0,ROUTINE,0.963,0,0
2026-04-29T00:15:00+00:00,16.327,16.308,72,50.0,0,ROUTINE,0.962,0,0
2026-04-29T00:20:00+00:00,16.33,16.167,72,50.0,0,ROUTINE,0.962,0,0
2026-04-29T00:25:00+00:00,16.327,16.258,72,50.0,0,ROUTINE,0.961,0,0
2026-04-29T00:30:00+00:00,16.343,16.203,72,50.0,0,ROUTINE,0.96,0,0
2026-04-29T00:35:00+00:00,16.366,16.239,72,50.0,0,ROUTINE,0.96,0,0
2026-04-29T00:40:00+00:00,16.388,16.259,72,50.0,0,ROUTINE,0.959,0,0
2026-04-29T00:45:00+00:00,16.398,16.316,72,50.0,0,ROUTINE,0.958,0,0
2026-04-29T00:50:00+00:00,16.406,16.342,72,50.0,0,ROUTINE,0.958,0,0
2026-04-29T00:55:00+00:00,16.408,16.353,72,50.0,0,ROUTINE,0.957,0,0
2026-04-29T01:00:00+00:00,16.394,16.348,72,50.0,0,ROUTINE,0.957,0,0
2026-04-29T01:05:00+00:00,16.392,16.321,72,50.0,0,ROUTINE,0.956,0,0
2026-04-29T01:10:00+00:00,16.398,16.298,72,50.0,0,ROUTINE,0.956,0,0
2026-04-29T01:15:00+00:00,16.388,16.296,72,50.0,0,ROUTINE,0.955,0,0
2026-04-29T01:20:00+00:00,16.395,16.29,72,50.0,0,ROUTINE,0.955,0,0
2026-04-29T01:25:00+00:00,16.38,16.296,71,50.0,0,ROUTINE,0.954,0,0
2026-04-29T01:30:00+00:00,16.374,16.283,71,50.0,0,ROUTINE,0.954,0,0
2026-04-29T01:35:00+00:00,16.357,16.269,71,50.0,0,ROUTINE,0.953,0,0
2026-04-29T01:40:00+00:00,16.373,16.243,71,50.0,0,ROUTINE,0.953,0,0
2026-04-29T01:45:00+00:00,16.368,16.343,71,50.0,0,ROUTINE,0.953,0,0
2026-04-29T01:50:00+00:00,16.364,16.229,71,50.0,0,ROUTINE,0.952,0,0
2026-04-29T01:55:00+00:00,16.379,16.342,71,50.0,0,ROUTINE,0.952,0,0
2026-04-29T02:00:00+00:00,16.364,16.322,71,50.0,0,ROUTINE,0.952,0,0
2026-04-29T02:05:00+00:00,16.36,16.224,71,50.0,0,ROUTINE,0.951,0,0
2026-04-29T02:10:00+00:00,16.355,16.319,71,50.0,0,ROUTINE,0.951,0,0
2026-04-29T02:15:00+00:00,16.364,16.275,71,50.0,0,ROUTINE,0.951,0,0
2026-04-29T02:20:00+00:00,16.341,16.302,71,50.0,0,ROUTINE,0.951,0,0
2026-04-29T02:25:00+00:00,16.348,16.178,71,50.0,0,ROUTINE,0.951,0,0
2026-04-29T02:30:00+00:00,16.355,16.303,71,50.0,0,ROUTINE,0.95,0,0
2026-04-29T02:35:00+00:00,16.358,16.277,71,50.0,0,ROUTINE,0.95,0,0
2026-04-29T02:40:00+00:00,16.355,16.312,71,50.0,0,ROUTINE,0.95,0,0
2026-04-29T02:45:00+00:00,16.36,16.299,71,50.0,0,ROUTINE,0.95,0,0
2026-04-29T02:50:00+00:00,16.346,16.319,71,50.0,0,ROUTINE,0.95,0,0
2026-04-29T02:55:00+00:00,16.352,16.213,71,50.0,0,ROUTINE,0.95,0,0
2026-04-29T03:00:00+00:00,16.353,16.331,71,50.0,0,ROUTINE,0.95,0,0
2026-04-29T03:05:00+00:00,16.354,16.293,71,50.0,0,ROUTINE,0.95,0,0
2026-04-29T03:10:00+00:00,16.367,16.315,71,50.0,0,ROUTINE,0.95,0,0
2026-04-29T03:15:00+00:00,16.366,16.313,71,50.0,0,ROUTINE,0.95,0,0
2026-04-29T03:20:00+00:00,16.366,16.338,71,50.0,0,ROUTINE,0.95,0,0
2026-04-29T03:25:00+00:00,16.385,16.341,71,50.0,0,ROUTINE,0.95,0,0
2026-04-29T03:30:00+00:00,16.39,16.366,71,50.0,0,ROUTINE,0.951,0,0
2026-04-29T03:35:00+00:00,16.404,16.384,71,50.0,0,ROUTINE,0.951,0,0
2026-04-29T03:40:00+00:00,16.407,16.404,71,50.0,0,ROUTINE,0.951,0,0
2026-04-29T03:45:00+00:00,16.403,16.41,71,50.0,0,ROUTINE,0.951,0,0
2026-04-29T03:50:00+00:00,16.407,16.405,71,50.0,0,ROUTINE,0.951,0,0
2026-04-29T03:55:00+00:00,16.398,16.397,71,50.0,0,ROUTINE,0.952,0,0
